AREA,id,SL,ML,HH1,HH2,HL1,HD1,HD2,HL2,BD2,BD5,BD6,BL1,BL4,PFL1,PFL2,AFL,PH,DFL,CL1,CL2
1,a1,-0.5504,-0.0625,-0.8329,-0.5395,-0.4354,-0.1182,-0.3698,-0.4980,0.4824,0.7278,0.7945,0.4018,0.5452,0.0678,-0.4743,0.8051,0.2191,-0.1329,0.1265,0.2186
1,a2,-0.4705,0.0033,-0.8657,-0.5831,-0.4470,-0.1451,-0.4186,-0.5531,0.4499,0.7952,0.8440,0.4168,0.6840,0.0299,-0.3914,0.8053,0.2163,-0.2130,0.0835,0.1628
1,a3,-0.3385,0.1353,-0.9482,-0.5901,-0.4047,-0.1625,-0.4585,-0.6035,0.4674,0.7094,0.8755,0.4002,0.5825,0.0891,-0.3728,0.8462,0.1646,-0.1827,0.0829,0.1241
1,a4,-0.3253,0.0858,-0.9810,-0.5788,-0.4195,-0.1401,-0.4462,-0.5185,0.4939,0.6987,0.7761,0.4333,0.5472,0.0484,-0.3958,0.7241,0.2084,-0.1902,0.1492,0.1966
1,a5,-0.3332,0.0978,-0.9080,-0.5617,-0.3530,-0.1002,-0.3907,-0.4860,0.4305,0.7039,0.7480,0.3409,0.5489,0.0798,-0.4558,0.7161,0.1962,-0.1792,0.0568,0.2275
1,a6,-0.3972,0.0468,-0.9361,-0.5639,-0.4034,-0.1483,-0.4121,-0.5449,0.4781,0.7060,0.7586,0.4262,0.5315,0.0991,-0.3975,0.6703,0.2576,-0.2005,0.0997,0.2890
1,a7,-0.3697,0.0629,-0.8498,-0.5770,-0.4785,-0.0822,-0.4307,-0.4378,0.4125,0.7633,0.8299,0.3659,0.6688,0.0341,-0.4239,0.7646,0.1472,-0.1856,0.0615,0.1115
1,a8,-0.4354,0.0065,-0.9190,-0.5763,-0.4512,-0.0958,-0.4482,-0.4589,0.4374,0.8024,0.8188,0.3889,0.6952,0.1080,-0.3705,0.7202,0.2349,-0.1806,-0.0204,0.1128
1,a9,-0.4664,-0.0036,-0.8693,-0.5420,-0.4778,-0.0862,-0.4363,-0.4686,0.4501,0.7350,0.8721,0.3707,0.6618,-0.0270,-0.4181,0.8032,0.1908,-0.1312,0.0997,0.1403
1,a10,-0.4696,0.0378,-0.8163,-0.6025,-0.4408,-0.1187,-0.4177,-0.5286,0.4649,0.7424,0.8184,0.4046,0.6581,0.0678,-0.4340,0.7796,0.1419,-0.2392,0.1519,0.1904
1,a11,-0.4940,0.0235,-0.8892,-0.5250,-0.3713,-0.0621,-0.4067,-0.4594,0.4512,0.7276,0.8383,0.4109,0.6253,-0.0010,-0.4522,0.7508,0.1956,-0.1946,0.0602,0.1444
1,a12,-0.4090,0.0308,-0.8825,-0.5728,-0.3875,-0.1471,-0.3609,-0.5104,0.4358,0.7462,0.8050,0.3776,0.5803,0.0324,-0.4239,0.7298,0.2814,-0.1569,0.0233,0.1989
1,a13,-0.4729,0.0079,-0.9605,-0.6031,-0.4814,-0.1430,-0.4843,-0.5239,0.5029,0.7599,0.8194,0.4431,0.6271,0.0717,-0.4381,0.7795,0.2521,-0.1241,0.1216,0.2366
1,a14,-0.3576,0.0407,-1.0847,-0.6216,-0.3580,-0.1182,-0.4301,-0.4213,0.3986,0.7096,0.9020,0.3157,0.6710,0.0990,-0.3448,0.8086,0.1546,-0.0766,0.0445,0.0815
1,a15,-0.3679,0.0652,-0.9414,-0.6072,-0.4173,-0.1057,-0.4308,-0.4435,0.4205,0.7134,0.8954,0.3514,0.6252,0.0422,-0.4267,0.8170,0.1984,-0.1738,0.0954,0.1155
1,a16,-0.4114,0.0912,-0.9109,-0.6591,-0.3756,-0.1331,-0.4196,-0.4992,0.4421,0.7888,0.7921,0.3806,0.6764,0.0407,-0.4237,0.7138,0.2169,-0.2163,0.0986,0.2108
1,a17,-0.3885,0.0159,-0.9858,-0.5334,-0.3920,-0.1005,-0.3928,-0.4251,0.4309,0.7302,0.8521,0.3630,0.6935,0.0481,-0.4380,0.7705,0.1604,-0.1446,0.0532,0.0571
1,a18,-0.4661,0.0450,-0.9117,-0.5851,-0.3735,-0.1226,-0.4341,-0.5492,0.3809,0.7606,0.8032,0.3587,0.6106,0.0142,-0.4463,0.8074,0.2185,-0.0984,0.1589,0.2621
1,a19,-0.4217,-0.0146,-0.9890,-0.5789,-0.4307,-0.0881,-0.4238,-0.3819,0.4515,0.7144,0.8183,0.4112,0.6020,0.0587,-0.4457,0.7339,0.1864,-0.0910,0.1010,0.1458
1,a20,-0.3553,0.0292,-0.9223,-0.5067,-0.3071,-0.0845,-0.3144,-0.4198,0.4180,0.6823,0.7762,0.3227,0.5543,-0.0164,-0.3767,0.7045,0.1265,-0.2192,0.0707,0.1930
1,a21,-0.3871,0.0258,-0.8711,-0.5547,-0.4718,-0.1765,-0.3735,-0.5361,0.4625,0.7902,0.7880,0.4218,0.6526,0.0586,-0.4091,0.7581,0.2258,-0.1978,0.0287,0.1343
1,a22,-0.3588,0.0852,-0.9881,-0.6264,-0.4574,-0.1467,-0.4697,-0.4943,0.4787,0.7882,0.8712,0.4504,0.6359,-0.0660,-0.4458,0.8375,0.2748,-0.2073,0.0835,0.1883
1,a23,-0.4470,0.0446,-0.8570,-0.5662,-0.4790,-0.1316,-0.4335,-0.5451,0.4601,0.7587,0.8415,0.4043,0.6538,0.0442,-0.3895,0.7591,0.2116,-0.1752,0.0779,0.1549
1,a24,-0.4473,0.0463,-0.9716,-0.5696,-0.4863,-0.1030,-0.4851,-0.4614,0.5102,0.7511,0.8556,0.4529,0.6731,0.0640,-0.4407,0.7331,0.2039,-0.2224,0.1588,0.1050
1,a25,-0.4213,0.0672,-0.8313,-0.5593,-0.4057,-0.0971,-0.4057,-0.5188,0.4604,0.6844,0.7755,0.3894,0.5904,0.0837,-0.3904,0.6872,0.1536,-0.1971,0.1557,0.1293
1,a26,-0.3114,0.0828,-0.9559,-0.6299,-0.3438,-0.1539,-0.3736,-0.4867,0.4453,0.7275,0.7819,0.3637,0.5895,0.0758,-0.4474,0.7473,0.1834,-0.1203,0.0862,0.1243
1,a27,-0.4395,0.0660,-0.9047,-0.5466,-0.4852,-0.0627,-0.4862,-0.4490,0.4516,0.7214,0.8420,0.3902,0.6234,0.0162,-0.4344,0.7800,0.1992,-0.1333,0.0733,0.1682
1,a28,-0.4699,-0.0052,-0.9362,-0.5295,-0.4107,-0.1082,-0.3976,-0.4669,0.4357,0.7366,0.8272,0.3822,0.5892,0.0322,-0.4416,0.7309,0.2577,-0.1426,0.1038,0.1958
1,a29,-0.3553,0.0533,-0.8943,-0.5614,-0.3674,-0.1503,-0.3589,-0.5332,0.4759,0.7261,0.7872,0.3333,0.6155,0.0287,-0.4411,0.6540,0.2205,-0.1462,0.0939,0.1861
1,a30,-0.4655,-0.0266,-0.9168,-0.5554,-0.4846,-0.1132,-0.4061,-0.4217,0.4158,0.7564,0.8277,0.3662,0.6145,0.0377,-0.3976,0.7872,0.2197,-0.1297,0.1035,0.1810
1,a31,-0.4725,0.0446,-0.8785,-0.5600,-0.5026,-0.0940,-0.5018,-0.5274,0.4589,0.7640,0.8247,0.4007,0.6693,0.0890,-0.4120,0.7835,0.1878,-0.1125,0.0722,0.1500
1,a32,-0.4744,0.0066,-0.8684,-0.5568,-0.4944,-0.0953,-0.4447,-0.4741,0.4675,0.7123,0.8533,0.4241,0.6137,0.0990,-0.3947,0.7873,0.1878,-0.1962,0.0814,0.1399
1,a33,-0.4825,0.0453,-0.9469,-0.5826,-0.4544,-0.1073,-0.4798,-0.4938,0.4679,0.7351,0.8850,0.4452,0.6450,0.0502,-0.4185,0.8245,0.2068,-0.1824,0.0890,0.1579
1,a34,-0.4020,-0.0355,-0.9670,-0.6036,-0.5215,-0.1123,-0.4800,-0.4235,0.4572,0.7897,0.8519,0.3743,0.6693,0.0164,-0.4073,0.7652,0.2757,-0.1847,0.0987,0.2507
1,a35,-0.4409,0.0298,-0.8795,-0.5798,-0.4185,-0.1159,-0.4046,-0.4895,0.4741,0.7138,0.8033,0.4404,0.5731,-0.0131,-0.3831,0.7864,0.1524,-0.1901,0.1106,0.2026
1,a36,-0.5028,0.0394,-0.8033,-0.5514,-0.4614,-0.0860,-0.4136,-0.4951,0.4080,0.7526,0.8876,0.4057,0.6535,-0.0088,-0.4510,0.8490,0.1722,-0.1377,0.0578,0.0952
1,a37,-0.4456,0.0035,-0.9312,-0.5755,-0.4135,-0.1510,-0.4257,-0.5553,0.4151,0.7701,0.8195,0.3909,0.6186,0.0569,-0.3882,0.7836,0.2754,-0.2051,0.1362,0.2412
1,a38,-0.4971,0.0344,-0.8954,-0.5780,-0.3897,-0.1131,-0.4343,-0.5360,0.4733,0.7944,0.8062,0.4571,0.6783,0.0437,-0.4476,0.7010,0.2463,-0.2042,0.0692,0.1594
1,a39,-0.3424,0.0998,-0.9267,-0.5119,-0.3556,-0.1252,-0.3634,-0.5153,0.4372,0.7401,0.8079,0.3557,0.6590,0.0528,-0.4119,0.7597,0.1160,-0.1564,0.0225,0.0183
1,a40,-0.4997,0.0527,-0.8528,-0.5361,-0.4148,-0.1113,-0.4172,-0.5588,0.4175,0.6995,0.7826,0.4088,0.5244,0.0265,-0.4131,0.7633,0.2587,-0.0952,0.0857,0.2720
1,a41,-0.4227,0.0106,-0.8349,-0.5720,-0.4452,-0.1328,-0.3735,-0.4939,0.4682,0.6928,0.7869,0.4148,0.5407,0.0469,-0.3970,0.7234,0.1705,-0.1629,0.1011,0.2345
1,a42,-0.4801,0.0519,-0.8420,-0.5551,-0.4369,-0.0951,-0.4351,-0.5262,0.4765,0.7111,0.7688,0.4197,0.5704,0.0679,-0.4170,0.6806,0.2230,-0.1389,0.1006,0.2068
1,a43,-0.3794,0.0519,-0.9157,-0.5246,-0.3506,-0.0846,-0.3711,-0.4535,0.3969,0.6990,0.7993,0.3050,0.5676,0.0559,-0.4405,0.7163,0.2322,-0.0656,-0.0011,0.1415
1,a44,-0.4836,-0.0182,-0.8852,-0.5216,-0.4733,-0.0608,-0.4276,-0.4139,0.4155,0.7387,0.7897,0.3803,0.6158,0.0219,-0.3748,0.7144,0.2170,-0.2034,0.1071,0.2302
1,a45,-0.4921,-0.0509,-0.8149,-0.5602,-0.4251,-0.1463,-0.3294,-0.4866,0.4207,0.7401,0.7644,0.4190,0.5651,0.0641,-0.3800,0.7195,0.2256,-0.1745,0.0503,0.2484
1,a46,-0.4711,0.0469,-0.9976,-0.6099,-0.4818,-0.1086,-0.5506,-0.5031,0.4533,0.7620,0.8680,0.4265,0.6135,0.0605,-0.4058,0.7916,0.2565,-0.1078,0.1533,0.2222
1,a47,-0.4085,0.0298,-0.9051,-0.5241,-0.3822,-0.1229,-0.3785,-0.5194,0.4449,0.7589,0.7627,0.3733,0.6041,0.0108,-0.4255,0.6984,0.2138,-0.1727,0.0710,0.2377
1,a48,-0.4125,0.0373,-0.9751,-0.5430,-0.3489,-0.1281,-0.3948,-0.5125,0.4551,0.7523,0.7709,0.3837,0.5982,0.0097,-0.3980,0.7085,0.2264,-0.1198,0.0650,0.1908
1,a49,-0.4476,-0.0093,-0.9142,-0.5372,-0.4650,-0.1169,-0.4200,-0.4832,0.4431,0.7244,0.8139,0.3710,0.5930,0.0848,-0.3780,0.7999,0.1862,-0.1360,0.0887,0.1835
1,a50,-0.4381,0.0985,-0.8526,-0.5756,-0.4886,-0.0532,-0.4994,-0.4587,0.4177,0.7185,0.8055,0.3965,0.6233,0.0198,-0.4079,0.7954,0.1042,-0.0948,0.0989,0.1747
1,a51,-0.4644,0.0294,-0.8744,-0.5810,-0.4287,-0.1238,-0.3980,-0.4895,0.4861,0.7254,0.7945,0.4373,0.5957,-0.0012,-0.4399,0.7335,0.1686,-0.1288,0.1090,0.2086
1,a52,-0.4314,0.0472,-0.9685,-0.6609,-0.4390,-0.1290,-0.5127,-0.5167,0.4920,0.7756,0.9158,0.4113,0.7059,0.0401,-0.3875,0.8310,0.2062,-0.1538,0.1164,0.0812
1,a53,-0.3681,0.0859,-0.9194,-0.5297,-0.3634,-0.1264,-0.3887,-0.5400,0.4286,0.7450,0.8408,0.3345,0.6426,0.0408,-0.4515,0.7881,0.1774,-0.1731,0.0308,0.1500
1,a54,-0.5388,0.0004,-0.8192,-0.5577,-0.4899,-0.1052,-0.4219,-0.5053,0.4392,0.8090,0.7983,0.4147,0.6595,0.0382,-0.4512,0.7434,0.2442,-0.1549,0.0919,0.1864
1,a55,-0.4628,0.0359,-0.8618,-0.5915,-0.4864,-0.1231,-0.4504,-0.5203,0.4397,0.7378,0.8744,0.3944,0.6487,0.0394,-0.4183,0.7808,0.2364,-0.1276,0.0956,0.1688
1,a56,-0.4147,0.0756,-0.8383,-0.6113,-0.4545,-0.1365,-0.4265,-0.5406,0.4280,0.7742,0.7670,0.3831,0.6270,0.0370,-0.4495,0.6891,0.2795,-0.1819,0.1381,0.2568
1,a57,-0.3865,0.1201,-0.8741,-0.5687,-0.4673,-0.1221,-0.4531,-0.5447,0.4255,0.6876,0.8078,0.3847,0.5495,0.0596,-0.3718,0.7427,0.2141,-0.2097,0.1532,0.2560
1,a58,-0.4967,0.0037,-0.9442,-0.6135,-0.5138,-0.1100,-0.4987,-0.4586,0.4531,0.7857,0.8629,0.4216,0.6895,0.0614,-0.4336,0.7957,0.2586,-0.1167,0.1010,0.1599
1,a59,-0.4941,0.0105,-0.9026,-0.5563,-0.4873,-0.1234,-0.4580,-0.5268,0.4640,0.7679,0.9421,0.3791,0.7074,0.0495,-0.4222,0.8375,0.2314,-0.1134,0.0528,0.0578
1,a60,-0.4377,0.0559,-0.8550,-0.5779,-0.4024,-0.1205,-0.3997,-0.5255,0.4323,0.7879,0.8255,0.3856,0.6673,0.0260,-0.4503,0.8256,0.1605,-0.1758,0.0697,0.1113
1,a61,-0.3393,0.1387,-0.9178,-0.5772,-0.3899,-0.0814,-0.4412,-0.4687,0.4034,0.6979,0.8383,0.3552,0.6511,0.0509,-0.4427,0.7083,0.1896,-0.1689,0.1036,0.0835
1,a62,-0.4512,0.0587,-0.9372,-0.6116,-0.4002,-0.1451,-0.4404,-0.5431,0.4489,0.7075,0.8733,0.3796,0.5817,0.0272,-0.4341,0.7817,0.2520,-0.0226,0.1375,0.1537
1,a63,-0.3341,0.1144,-0.9286,-0.6483,-0.3863,-0.1565,-0.4340,-0.5474,0.4198,0.7717,0.7893,0.3727,0.6328,0.0256,-0.4107,0.7589,0.2299,-0.1422,0.0639,0.2290
1,a64,-0.4563,0.0286,-0.8664,-0.5795,-0.4588,-0.1077,-0.4177,-0.4704,0.4233,0.7696,0.8294,0.4096,0.6527,0.0452,-0.4319,0.8090,0.2028,-0.2513,0.1038,0.1713
1,a65,-0.4127,0.0597,-0.9079,-0.5427,-0.4330,-0.0922,-0.4195,-0.4611,0.3855,0.7501,0.8105,0.3190,0.6477,0.0793,-0.4426,0.7424,0.1567,-0.1959,0.1745,0.1820
1,a66,-0.5025,0.0377,-0.9034,-0.6073,-0.4046,-0.1206,-0.4593,-0.5440,0.4245,0.7132,0.9012,0.4062,0.5908,0.0747,-0.3670,0.8062,0.2779,-0.1708,0.1009,0.1762
1,a67,-0.4567,-0.0057,-0.8401,-0.5567,-0.4297,-0.1322,-0.3729,-0.5147,0.4470,0.7733,0.7743,0.3853,0.6265,-0.0039,-0.4678,0.7764,0.1962,-0.1378,0.1038,0.2200
1,a68,-0.4777,0.0303,-0.8836,-0.5609,-0.4201,-0.0894,-0.4385,-0.4940,0.4558,0.7816,0.7527,0.3806,0.6240,0.0255,-0.3974,0.6848,0.2356,-0.1338,0.0729,0.2141
1,a69,-0.5158,0.0044,-0.8331,-0.5515,-0.4060,-0.0988,-0.3946,-0.5118,0.3795,0.7317,0.8684,0.3687,0.6348,0.0648,-0.4224,0.8176,0.1859,-0.1275,0.0556,0.1607
1,a70,-0.4783,0.0066,-0.8851,-0.5344,-0.4555,-0.0652,-0.4524,-0.4581,0.5129,0.7469,0.7143,0.4659,0.5823,0.0549,-0.3747,0.6390,0.1962,-0.2185,0.1012,0.2084
1,a71,-0.4742,-0.0360,-0.9076,-0.5901,-0.4299,-0.1305,-0.4160,-0.4961,0.4589,0.7346,0.8763,0.3933,0.6329,0.0737,-0.4326,0.8327,0.1793,-0.0826,0.0862,0.1226
1,a72,-0.4691,-0.0174,-0.8531,-0.5154,-0.5162,-0.0647,-0.4651,-0.4690,0.4499,0.7444,0.8612,0.3548,0.6366,0.0099,-0.4649,0.7508,0.2550,-0.1692,0.1712,0.1693
1,a73,-0.5067,-0.0245,-0.8946,-0.5293,-0.5199,-0.1122,-0.4366,-0.4777,0.4633,0.7788,0.8345,0.4100,0.6780,-0.0053,-0.4361,0.7968,0.2003,-0.1469,0.0962,0.2170
1,a74,-0.4571,-0.0171,-0.8248,-0.5066,-0.4102,-0.1101,-0.3476,-0.5033,0.5171,0.7001,0.8079,0.4188,0.6053,0.0106,-0.4150,0.6129,0.2384,-0.2528,0.1119,0.1447
1,a75,-0.4200,-0.0015,-1.0110,-0.5636,-0.3955,-0.1216,-0.4239,-0.4648,0.4950,0.7563,0.8195,0.3858,0.6251,-0.0350,-0.4147,0.7049,0.2511,-0.1484,0.1113,0.2273
1,a76,-0.4403,-0.0101,-0.8965,-0.5623,-0.4307,-0.1193,-0.4055,-0.4885,0.4408,0.7390,0.8057,0.3829,0.5941,0.0676,-0.3767,0.7624,0.1906,-0.2041,0.1124,0.2204
1,a77,-0.4839,0.0256,-0.8602,-0.5533,-0.4477,-0.1232,-0.4371,-0.5643,0.4598,0.7089,0.8794,0.4219,0.6252,0.0714,-0.4062,0.8107,0.1927,-0.1848,0.1178,0.1443
1,a78,-0.4251,0.0222,-0.8204,-0.4840,-0.3746,-0.0966,-0.3289,-0.5013,0.4130,0.7440,0.8310,0.3307,0.6714,-0.0075,-0.4146,0.7431,0.1357,-0.1511,-0.0049,0.0815
1,a79,-0.4279,0.0611,-0.9517,-0.5386,-0.4045,-0.1059,-0.4261,-0.4889,0.4338,0.7681,0.8828,0.3312,0.6528,0.0365,-0.4600,0.8458,0.2296,-0.2364,0.0680,0.1676
1,a80,-0.4431,0.0687,-0.8403,-0.5616,-0.4217,-0.1011,-0.4097,-0.5113,0.4176,0.7183,0.7444,0.4148,0.5567,0.0481,-0.4309,0.6741,0.2319,-0.1410,0.0986,0.2512
1,a81,-0.4522,0.0201,-0.9020,-0.6038,-0.4656,-0.1300,-0.4398,-0.4933,0.4735,0.7672,0.8520,0.3943,0.6557,0.0380,-0.4404,0.7741,0.2138,-0.1225,0.0750,0.1811
1,a82,-0.4077,0.0757,-0.9212,-0.5452,-0.3782,-0.1267,-0.4014,-0.5329,0.4305,0.7719,0.8232,0.3650,0.6050,-0.0426,-0.4744,0.7372,0.2722,-0.1735,0.0966,0.2410
1,a83,-0.4472,-0.0079,-0.8637,-0.5645,-0.4289,-0.1350,-0.3929,-0.5263,0.4547,0.7713,0.7174,0.4125,0.5836,0.0572,-0.4532,0.6380,0.2406,-0.1630,0.1623,0.2956
1,a84,-0.3879,0.0269,-0.9111,-0.5440,-0.4404,-0.1078,-0.4113,-0.4702,0.4571,0.8045,0.8891,0.3825,0.7288,-0.0577,-0.4348,0.8250,0.2189,-0.2249,0.0152,0.0498
1,a85,-0.3781,0.0307,-0.7975,-0.5193,-0.3449,-0.1136,-0.2994,-0.4997,0.4591,0.7393,0.7721,0.3274,0.6615,0.0059,-0.4178,0.7063,0.1231,-0.1613,-0.0483,0.0940
1,a86,-0.3564,0.0355,-0.9242,-0.5187,-0.3573,-0.1215,-0.3441,-0.4759,0.4390,0.7287,0.7641,0.3725,0.5869,0.0430,-0.4355,0.6846,0.1934,-0.2253,0.0706,0.1953
1,a87,-0.4323,-0.0113,-0.8431,-0.5409,-0.4523,-0.1020,-0.3734,-0.4464,0.4901,0.6755,0.8136,0.4296,0.5978,0.0595,-0.4330,0.7538,0.1173,-0.1543,0.0888,0.0962
1,a88,-0.3874,0.0473,-0.8086,-0.5358,-0.3764,-0.1240,-0.3245,-0.5092,0.4939,0.6962,0.8323,0.3925,0.6197,0.0081,-0.4128,0.7264,0.1575,-0.2545,0.0196,0.0917
1,a89,-0.4524,-0.0185,-0.8287,-0.5376,-0.4341,-0.1639,-0.3394,-0.5401,0.4371,0.7145,0.8202,0.3750,0.5675,0.0560,-0.4093,0.7418,0.2711,-0.1519,0.0950,0.1823
1,a90,-0.4306,-0.0085,-0.9398,-0.5565,-0.3994,-0.0969,-0.3969,-0.4320,0.4285,0.7528,0.8319,0.3539,0.6506,0.0664,-0.4147,0.7358,0.2037,-0.2060,0.0926,0.1475
1,a91,-0.3685,0.0764,-0.8857,-0.5679,-0.4037,-0.1673,-0.3762,-0.5625,0.4683,0.7284,0.8584,0.3767,0.6211,0.0640,-0.4033,0.7464,0.2262,-0.1619,0.0045,0.1124
1,a92,-0.4143,0.0593,-0.8339,-0.5610,-0.4423,-0.1247,-0.3964,-0.5284,0.3994,0.7897,0.8403,0.3423,0.7002,0.0085,-0.3893,0.7497,0.2101,-0.1841,0.0378,0.1424
1,a93,-0.5871,0.0014,-0.8763,-0.5666,-0.4785,-0.0899,-0.4992,-0.5295,0.5210,0.7789,0.8606,0.4318,0.6711,0.0377,-0.4056,0.6531,0.3128,-0.1299,0.0888,0.1691
1,a94,-0.5034,0.0356,-0.9174,-0.5089,-0.4108,-0.1240,-0.4240,-0.5645,0.4727,0.7790,0.8470,0.3944,0.6538,0.0228,-0.3693,0.8484,0.1637,-0.1761,0.0205,0.1514
1,a95,-0.5061,0.0472,-0.8062,-0.5160,-0.4651,-0.0914,-0.4085,-0.5249,0.4359,0.7335,0.8008,0.3983,0.6003,0.0430,-0.3976,0.7739,0.1929,-0.1429,0.0387,0.1660
1,a96,-0.4723,0.0394,-0.9582,-0.5919,-0.5665,-0.1207,-0.5125,-0.4633,0.4916,0.7744,0.8167,0.4197,0.6795,0.0643,-0.3265,0.7034,0.2316,-0.1444,0.1027,0.1979
1,a97,-0.4634,-0.0379,-0.9013,-0.5140,-0.4263,-0.1326,-0.3764,-0.5083,0.4963,0.7557,0.7784,0.4523,0.6288,0.0704,-0.4291,0.7062,0.2020,-0.1943,0.0739,0.1489
1,a98,-0.4315,0.0404,-0.9957,-0.5431,-0.4658,-0.1272,-0.4632,-0.4969,0.4421,0.7804,0.8783,0.3779,0.6641,0.0434,-0.4396,0.7824,0.2957,-0.1829,0.1239,0.1370
1,a99,-0.3375,0.0628,-0.9488,-0.5436,-0.3585,-0.1218,-0.3674,-0.4717,0.4669,0.7091,0.8321,0.3387,0.5754,0.0415,-0.4135,0.6978,0.2321,-0.2299,0.0631,0.1509
1,a100,-0.5059,-0.0012,-0.7837,-0.5394,-0.4969,-0.1013,-0.3941,-0.4964,0.4176,0.7893,0.8651,0.3596,0.7034,0.0078,-0.4021,0.8099,0.1790,-0.2104,0.0661,0.1374
1,a101,-0.4999,0.0140,-0.9229,-0.5588,-0.4408,-0.1187,-0.4663,-0.5439,0.4781,0.7576,0.8517,0.4005,0.6527,0.0755,-0.3748,0.7994,0.1784,-0.1599,0.0940,0.1722
1,a102,-0.4217,0.0283,-0.8899,-0.5243,-0.4659,-0.0884,-0.4351,-0.4785,0.4578,0.7646,0.8055,0.3790,0.6638,0.0367,-0.4439,0.7496,0.1828,-0.1758,0.1126,0.1126
1,a103,-0.4764,-0.0504,-0.9189,-0.5596,-0.4358,-0.1412,-0.3960,-0.4948,0.4786,0.8043,0.8650,0.3789,0.6935,-0.0691,-0.4160,0.8444,0.1736,-0.0698,0.0462,0.1385
1,a104,-0.4837,-0.0202,-0.9960,-0.5087,-0.5162,-0.1463,-0.4422,-0.4888,0.5116,0.8037,0.8516,0.4294,0.6967,-0.0339,-0.4041,0.6762,0.2497,-0.1911,0.1484,0.2231
1,a105,-0.4587,0.0339,-0.9931,-0.5924,-0.4847,-0.1134,-0.5228,-0.4960,0.4884,0.8279,0.8343,0.3967,0.7145,0.0725,-0.4144,0.6916,0.2633,-0.2022,0.1333,0.2106
1,a106,-0.3517,0.0376,-0.9602,-0.5617,-0.4441,-0.1288,-0.4247,-0.4756,0.4374,0.7279,0.8102,0.3396,0.6079,0.0507,-0.4206,0.7753,0.1888,-0.1536,0.1307,0.2137
1,a107,-0.5379,-0.0382,-0.8434,-0.5199,-0.5632,-0.0856,-0.4615,-0.4815,0.5087,0.7332,0.8244,0.4705,0.6101,0.0809,-0.3738,0.6496,0.2497,-0.1822,0.0889,0.1958
1,a108,-0.4852,-0.0377,-0.9762,-0.5246,-0.5199,-0.1205,-0.4669,-0.4767,0.4556,0.8141,0.8106,0.3640,0.7515,0.1193,-0.3789,0.7553,0.1828,-0.1885,0.1071,0.1875
1,a109,-0.4450,0.0162,-0.8798,-0.4946,-0.4016,-0.1079,-0.3831,-0.5253,0.4466,0.7355,0.8092,0.3719,0.6317,0.0456,-0.3928,0.7388,0.1700,-0.1577,0.0326,0.1481
1,a110,-0.4371,0.0800,-0.8778,-0.5464,-0.4663,-0.0849,-0.4779,-0.5162,0.4742,0.7558,0.8182,0.4080,0.6551,0.0665,-0.4389,0.7453,0.1641,-0.2008,0.1095,0.1418
1,a111,-0.4859,-0.0214,-0.9334,-0.5453,-0.5341,-0.1176,-0.4671,-0.4767,0.4903,0.7513,0.8050,0.4246,0.6456,0.0871,-0.3468,0.7093,0.1907,-0.1690,0.1352,0.2049
1,a112,-0.4669,0.0320,-0.9650,-0.5502,-0.5150,-0.1093,-0.4974,-0.4874,0.4946,0.7917,0.7939,0.4358,0.6891,0.0397,-0.4127,0.7533,0.1695,-0.1458,0.1156,0.1956
1,a113,-0.4579,0.0092,-0.9386,-0.5401,-0.4446,-0.1166,-0.4284,-0.4903,0.5029,0.7632,0.8522,0.3896,0.6146,-0.0341,-0.4679,0.8277,0.1839,-0.1323,0.1015,0.2011
1,a114,-0.4494,0.0593,-0.9515,-0.5665,-0.4797,-0.1026,-0.4788,-0.4741,0.4286,0.7838,0.8686,0.3790,0.6761,-0.0293,-0.4152,0.7917,0.2496,-0.1697,0.1066,0.1979
1,a115,-0.5534,-0.0352,-0.9248,-0.5403,-0.4214,-0.1298,-0.4386,-0.5573,0.4677,0.7621,0.8175,0.3817,0.6459,0.0680,-0.3837,0.7690,0.1840,-0.1440,0.1614,0.2556
1,a116,-0.4673,0.0202,-0.9077,-0.5426,-0.3899,-0.1387,-0.3977,-0.5548,0.4814,0.7407,0.8489,0.4132,0.6359,0.0415,-0.4194,0.7359,0.2444,-0.1423,0.0329,0.1385
1,a117,-0.4700,0.0690,-0.8956,-0.5401,-0.4963,-0.0697,-0.4893,-0.4708,0.4264,0.7667,0.8594,0.3688,0.6740,0.0659,-0.3929,0.8017,0.1761,-0.1755,0.0737,0.1176
1,a118,-0.5131,0.0634,-0.8554,-0.5742,-0.4055,-0.1162,-0.4134,-0.5366,0.4622,0.8019,0.7914,0.4191,0.6944,0.0426,-0.3550,0.6691,0.1991,-0.2320,0.0683,0.1460
1,a119,-0.4637,0.0026,-0.8674,-0.5552,-0.4457,-0.1295,-0.3911,-0.5023,0.4538,0.7082,0.8641,0.3386,0.6239,0.0569,-0.4305,0.8002,0.1839,-0.1601,0.1469,0.1703
1,a120,-0.3979,0.0483,-0.8895,-0.5678,-0.4482,-0.1058,-0.4471,-0.5069,0.4720,0.7212,0.7872,0.3612,0.5992,0.0936,-0.2932,0.6677,0.2174,-0.2221,0.0805,0.1883
1,a121,-0.3913,0.0830,-0.9085,-0.5700,-0.3979,-0.1277,-0.4376,-0.5591,0.4700,0.7433,0.7783,0.3825,0.6226,0.0945,-0.4247,0.7433,0.1671,-0.2362,0.1108,0.2416
1,a122,-0.4760,0.0253,-0.8420,-0.5405,-0.4917,-0.1327,-0.4213,-0.5562,0.4896,0.7803,0.7626,0.3958,0.6255,0.0356,-0.4675,0.7240,0.2417,-0.1064,0.0836,0.2382
1,a123,-0.5008,0.0591,-0.8809,-0.6064,-0.5011,-0.1187,-0.4844,-0.5183,0.4596,0.7797,0.8052,0.4370,0.6480,0.0539,-0.3817,0.6989,0.2346,-0.1589,0.1431,0.2096
1,a124,-0.3957,0.0603,-1.0156,-0.5840,-0.4012,-0.1223,-0.4410,-0.4670,0.4418,0.7786,0.8699,0.3788,0.6861,0.0819,-0.4408,0.8052,0.2089,-0.2584,0.0693,0.1625
1,a125,-0.3831,0.0788,-0.9259,-0.5436,-0.3821,-0.0957,-0.3968,-0.4635,0.4396,0.7304,0.7857,0.4047,0.5874,0.0269,-0.4327,0.6938,0.2092,-0.2498,0.0569,0.2282
1,a126,-0.5325,-0.0141,-0.9265,-0.5249,-0.4560,-0.0743,-0.4784,-0.4836,0.4913,0.7789,0.8617,0.4128,0.6753,0.0123,-0.4544,0.7948,0.2419,-0.1356,0.0574,0.1393
1,a127,-0.4700,-0.0105,-0.8672,-0.5291,-0.4400,-0.1370,-0.3735,-0.5166,0.4480,0.7795,0.7788,0.4133,0.6383,0.0431,-0.4008,0.6680,0.2250,-0.2438,0.1168,0.2331
1,a128,-0.4792,0.0311,-0.9381,-0.5574,-0.4546,-0.1210,-0.4677,-0.5308,0.4585,0.7774,0.8120,0.4164,0.6660,0.0093,-0.4468,0.7224,0.2418,-0.2460,0.2009,0.3072
1,a129,-0.4951,0.0265,-0.8468,-0.5268,-0.4561,-0.1058,-0.3925,-0.4915,0.4485,0.7518,0.8018,0.3999,0.6146,-0.0227,-0.4546,0.7349,0.2214,-0.1561,0.0883,0.2375
1,a130,-0.5094,0.0024,-0.9204,-0.5542,-0.4695,-0.1288,-0.4417,-0.5160,0.4708,0.7971,0.8413,0.3995,0.6387,0.0227,-0.4615,0.7722,0.2616,-0.2111,0.1590,0.2561
1,a131,-0.5303,0.0017,-0.8694,-0.5574,-0.4393,-0.1184,-0.4057,-0.5054,0.4249,0.7799,0.8267,0.3617,0.6337,0.0984,-0.4086,0.7780,0.1955,-0.1656,0.0833,0.2110
1,a132,-0.4308,0.0320,-0.8501,-0.5568,-0.4512,-0.1649,-0.3924,-0.5854,0.4484,0.8141,0.7933,0.3493,0.6468,0.0896,-0.4686,0.7028,0.2728,-0.2225,0.1417,0.2320
1,a133,-0.4422,0.0682,-0.9245,-0.6046,-0.4399,-0.1169,-0.4646,-0.5043,0.4226,0.7698,0.8237,0.3451,0.6637,0.0603,-0.4141,0.7578,0.2117,-0.1508,0.1474,0.2076
1,a134,-0.4769,-0.0009,-0.9533,-0.5576,-0.4284,-0.1295,-0.4176,-0.4883,0.4201,0.7840,0.7768,0.3697,0.6464,0.1195,-0.4083,0.7323,0.2032,-0.2203,0.1493,0.2664
2,b1,-0.4196,0.0574,-0.9575,-0.5539,-0.5029,-0.1090,-0.4649,-0.4558,0.4866,0.7857,0.8172,0.4070,0.6903,0.0392,-0.4358,0.7192,0.1814,-0.2357,0.1197,0.2021
2,b2,-0.4465,0.0347,-0.9317,-0.5566,-0.4226,-0.1126,-0.4161,-0.4750,0.4096,0.7573,0.8404,0.3720,0.6735,0.0118,-0.4532,0.8362,0.1481,-0.2337,0.1137,0.2731
2,b3,-0.3205,0.1167,-0.9080,-0.5219,-0.3678,-0.0980,-0.3875,-0.4955,0.4437,0.7015,0.7527,0.3148,0.5891,0.0743,-0.4460,0.6986,0.2192,-0.2238,0.0680,0.1665
2,b4,-0.5424,0.0155,-0.9412,-0.5615,-0.4793,-0.1304,-0.4792,-0.5409,0.4497,0.7640,0.8642,0.3837,0.6644,0.0879,-0.4164,0.8222,0.1875,-0.1445,0.1443,0.2687
2,b5,-0.3795,0.0983,-0.8388,-0.5276,-0.3624,-0.1118,-0.3588,-0.5349,0.4106,0.7285,0.8196,0.3117,0.6504,0.0685,-0.4098,0.7183,0.1651,-0.2601,0.0665,0.1357
2,b6,-0.4614,-0.0243,-0.9190,-0.5165,-0.3641,-0.1292,-0.3560,-0.5064,0.4746,0.7711,0.7651,0.3658,0.6349,0.0698,-0.4700,0.6787,0.2214,-0.2002,0.0993,0.2206
2,b7,-0.4843,0.0340,-0.9346,-0.5180,-0.3643,-0.0945,-0.3877,-0.4745,0.4635,0.7587,0.7708,0.3757,0.6811,0.0962,-0.4789,0.7219,0.1052,-0.1724,0.0611,0.1866
2,b8,-0.4074,0.0623,-0.9494,-0.5570,-0.4037,-0.1101,-0.4187,-0.4767,0.4080,0.7415,0.7902,0.3482,0.6600,0.0707,-0.3974,0.7319,0.1655,-0.3342,0.1855,0.2946
2,b9,-0.4562,-0.0134,-0.8840,-0.5236,-0.4475,-0.1295,-0.3806,-0.4974,0.4811,0.7548,0.7966,0.4107,0.6380,0.0254,-0.4589,0.7626,0.1493,-0.2234,0.1243,0.2361
2,b10,-0.3850,0.0798,-1.0031,-0.5511,-0.4207,-0.1239,-0.4299,-0.4700,0.4497,0.7999,0.8191,0.3983,0.6719,-0.0312,-0.4375,0.7304,0.2442,-0.2412,0.1126,0.1839
2,b11,-0.4330,0.0422,-1.0012,-0.5580,-0.3976,-0.1233,-0.4260,-0.4788,0.4290,0.7174,0.8269,0.3977,0.6123,0.0321,-0.4650,0.7301,0.2217,-0.1359,0.1714,0.2312
2,b12,-0.3791,0.0562,-0.9263,-0.5536,-0.3851,-0.1407,-0.3843,-0.5188,0.4629,0.7554,0.7205,0.3887,0.6179,0.0286,-0.4606,0.7201,0.1663,-0.1188,0.1142,0.1925
2,b13,-0.4659,-0.0044,-0.8772,-0.5336,-0.4322,-0.1181,-0.3832,-0.4888,0.4690,0.7304,0.7769,0.3969,0.6263,0.0460,-0.4422,0.6998,0.1647,-0.2146,0.1725,0.2323
2,b14,-0.3590,0.1003,-0.9765,-0.5524,-0.3719,-0.1129,-0.4098,-0.4782,0.4197,0.7283,0.8353,0.3703,0.6369,0.0220,-0.4036,0.7310,0.1972,-0.1130,0.0500,0.0663
2,b15,-0.4675,0.0374,-0.9581,-0.5397,-0.4168,-0.0866,-0.4445,-0.4617,0.4396,0.7231,0.8692,0.3565,0.6640,0.0621,-0.4165,0.8364,0.1701,-0.1808,0.0844,0.1365
2,b16,-0.5401,0.0220,-0.9114,-0.5469,-0.4284,-0.0928,-0.4505,-0.5006,0.4876,0.7308,0.8248,0.4078,0.5835,0.1159,-0.4767,0.7544,0.2277,-0.1825,0.1599,0.1957
2,b17,-0.4670,-0.0222,-0.9647,-0.5280,-0.3886,-0.1180,-0.3894,-0.4719,0.4541,0.7530,0.8144,0.3928,0.6563,0.0557,-0.3956,0.7401,0.1596,-0.2420,0.1303,0.1974
2,b18,-0.5428,-0.0124,-0.8339,-0.5677,-0.4368,-0.1308,-0.4030,-0.5495,0.4528,0.7577,0.7896,0.3747,0.6505,0.1146,-0.3916,0.7298,0.1582,-0.1249,0.1164,0.2147
2,b19,-0.4647,0.0402,-0.9750,-0.5623,-0.4227,-0.1514,-0.4266,-0.5273,0.4379,0.7675,0.8289,0.4003,0.6251,0.0503,-0.4472,0.7643,0.2467,-0.2185,0.1507,0.2976
2,b20,-0.4894,0.0474,-0.9349,-0.5646,-0.4412,-0.1120,-0.4388,-0.4823,0.4344,0.7434,0.8139,0.3738,0.6492,0.0320,-0.4289,0.7672,0.1542,-0.2247,0.2045,0.3011
2,b21,-0.3833,0.0753,-0.9835,-0.6196,-0.4092,-0.1018,-0.4664,-0.4526,0.4351,0.7467,0.8647,0.3786,0.6341,0.0331,-0.4905,0.8287,0.2314,-0.2439,0.1297,0.2378
2,b22,-0.4554,0.0260,-0.8432,-0.5716,-0.4189,-0.0981,-0.3835,-0.4588,0.4324,0.7419,0.8249,0.3436,0.6642,0.0857,-0.4532,0.7131,0.1943,-0.2869,0.1376,0.1974
2,b23,-0.5097,-0.0627,-0.9532,-0.5460,-0.4939,-0.1285,-0.4138,-0.4304,0.4566,0.7647,0.8160,0.4084,0.6833,0.1027,-0.4196,0.8031,0.1208,-0.1412,0.1242,0.1812
2,b24,-0.4506,0.0530,-0.8719,-0.6140,-0.4698,-0.1295,-0.4240,-0.4795,0.4276,0.7721,0.7815,0.3734,0.6047,0.0503,-0.4377,0.7413,0.2502,-0.1873,0.1447,0.2738
2,b25,-0.4879,0.0687,-0.9184,-0.5899,-0.3334,-0.1082,-0.4150,-0.5197,0.4219,0.7505,0.8512,0.3965,0.6481,-0.0698,-0.5034,0.8062,0.1888,-0.2125,0.2146,0.2482
2,b26,-0.3756,0.0126,-1.0339,-0.5944,-0.4099,-0.1245,-0.4219,-0.4187,0.3976,0.7923,0.8429,0.3102,0.7307,-0.0042,-0.4223,0.8064,0.1471,-0.2081,0.1724,0.2325
2,b27,-0.4899,-0.0043,-0.9846,-0.5404,-0.4065,-0.0977,-0.4292,-0.4520,0.4177,0.7584,0.8393,0.3854,0.6252,0.0653,-0.4216,0.8074,0.2149,-0.1854,0.1118,0.1884
2,b28,-0.4498,0.0519,-0.9083,-0.6033,-0.4774,-0.1040,-0.4765,-0.4792,0.4195,0.7801,0.8738,0.3498,0.7039,0.0090,-0.4773,0.8361,0.1951,-0.2100,0.1780,0.2385
2,b29,-0.3496,0.1081,-0.8942,-0.5657,-0.4023,-0.1081,-0.3983,-0.4777,0.4090,0.7388,0.8059,0.3573,0.6461,0.0185,-0.4347,0.7707,0.1404,-0.2156,0.0640,0.1849
2,b30,-0.5158,-0.0278,-0.9612,-0.5656,-0.4761,-0.0987,-0.4524,-0.4286,0.4750,0.7286,0.9009,0.4098,0.6012,0.0331,-0.4614,0.8697,0.2230,-0.1330,0.0941,0.1982
2,b31,-0.4211,0.0878,-0.8604,-0.5936,-0.4148,-0.1166,-0.4119,-0.5082,0.4313,0.7753,0.8064,0.3716,0.6505,0.0339,-0.4960,0.7454,0.1905,-0.2387,0.1463,0.2315
2,b32,-0.3897,0.0530,-0.8957,-0.5294,-0.3316,-0.0774,-0.3641,-0.4561,0.3773,0.7664,0.7738,0.3070,0.6568,0.0413,-0.4179,0.7486,0.1222,-0.2120,0.0523,0.1586
2,b33,-0.4852,0.0375,-0.8968,-0.5554,-0.4490,-0.0983,-0.4272,-0.4694,0.4500,0.7750,0.7986,0.4266,0.6357,-0.0650,-0.4727,0.7438,0.1992,-0.1792,0.1759,0.2421
2,b34,-0.3849,0.0559,-0.8961,-0.5821,-0.4107,-0.1356,-0.4147,-0.5338,0.4374,0.7379,0.7841,0.3781,0.5649,0.0261,-0.4695,0.7537,0.2555,-0.2085,0.1630,0.2933
2,b35,-0.5072,0.0135,-0.8833,-0.5233,-0.4873,-0.0715,-0.4737,-0.4855,0.4569,0.8147,0.8101,0.3880,0.7139,0.0093,-0.4770,0.7880,0.1590,-0.2613,0.1377,0.2761
2,b36,-0.5276,-0.0308,-0.8601,-0.5063,-0.3839,-0.1338,-0.3346,-0.5190,0.4396,0.8104,0.8060,0.4040,0.6641,-0.0419,-0.4816,0.7555,0.2083,-0.2304,0.1118,0.2343
2,b37,-0.4743,0.0246,-0.8315,-0.5779,-0.4567,-0.1248,-0.3992,-0.5074,0.4428,0.7738,0.7893,0.3938,0.6643,0.0802,-0.4242,0.7631,0.1351,-0.1691,0.0850,0.1846
2,b38,-0.5069,-0.0370,-0.9310,-0.5516,-0.3746,-0.1353,-0.3519,-0.4638,0.4359,0.7591,0.7913,0.3725,0.6065,0.0816,-0.4240,0.8047,0.1969,-0.2205,0.1301,0.2082
2,b39,-0.5470,0.0223,-0.8724,-0.5371,-0.4208,-0.0802,-0.4237,-0.4840,0.4707,0.7229,0.8172,0.3812,0.5829,0.0355,-0.3979,0.6799,0.2746,-0.1765,0.1267,0.1960
2,b40,-0.5033,0.0240,-0.9885,-0.5679,-0.4624,-0.1041,-0.5082,-0.4973,0.4631,0.7555,0.8746,0.4018,0.6400,-0.0885,-0.3586,0.7897,0.2442,-0.2052,0.2298,0.2892
2,b41,-0.4425,0.0283,-0.8042,-0.5912,-0.4644,-0.1372,-0.3902,-0.5232,0.4707,0.7138,0.7848,0.3904,0.5878,0.0020,-0.4199,0.7862,0.0906,-0.1643,0.1739,0.2889
2,b42,-0.5124,0.0548,-0.8727,-0.5938,-0.4205,-0.0724,-0.4608,-0.4724,0.4230,0.8043,0.8272,0.3638,0.7270,0.0284,-0.4342,0.7425,0.1977,-0.2157,0.1043,0.1879
2,b43,-0.3471,0.1002,-0.8830,-0.5749,-0.3573,-0.1054,-0.3724,-0.4741,0.4055,0.6681,0.8033,0.3443,0.5434,0.0048,-0.4709,0.7097,0.1723,-0.2207,0.2213,0.2343
2,b44,-0.6150,-0.0096,-0.8225,-0.5397,-0.4669,-0.1080,-0.4329,-0.5603,0.4674,0.7559,0.9015,0.3723,0.6842,0.0451,-0.4683,0.8209,0.2048,-0.1925,0.1712,0.2133
2,b45,-0.3897,0.0720,-0.9420,-0.5456,-0.4148,-0.0829,-0.4431,-0.4616,0.4166,0.7034,0.8327,0.3585,0.6004,0.0042,-0.4310,0.7499,0.1433,-0.1191,0.1383,0.2001
2,b46,-0.5010,-0.0072,-0.9094,-0.5704,-0.4666,-0.1548,-0.4325,-0.5512,0.4428,0.7986,0.8308,0.3830,0.6708,0.0535,-0.4796,0.8331,0.1851,-0.1432,0.1988,0.2387
2,b47,-0.4863,0.0096,-0.9467,-0.5900,-0.4586,-0.1302,-0.4594,-0.5036,0.4871,0.7882,0.8220,0.4316,0.6922,0.0202,-0.3807,0.7627,0.1697,-0.1855,0.1477,0.1870
2,b48,-0.4187,0.0892,-0.9621,-0.5910,-0.4110,-0.1376,-0.4371,-0.5127,0.4141,0.8108,0.7881,0.3501,0.6768,0.0170,-0.4032,0.7417,0.2127,-0.1586,0.1031,0.2385
2,b49,-0.4422,0.0722,-0.9524,-0.5947,-0.4343,-0.1169,-0.4539,-0.4826,0.4454,0.8069,0.8261,0.3918,0.7115,0.0396,-0.4398,0.7344,0.2215,-0.2475,0.1116,0.2067
2,b50,-0.5435,-0.0510,-0.8244,-0.5359,-0.4559,-0.1479,-0.3609,-0.5340,0.4655,0.7564,0.8514,0.4151,0.6160,0.0416,-0.4759,0.8269,0.1865,-0.2279,0.1800,0.2154
2,b51,-0.4775,0.0545,-0.9085,-0.5786,-0.4440,-0.1222,-0.4519,-0.5266,0.4117,0.7412,0.8483,0.3857,0.5754,0.0332,-0.3958,0.8865,0.1509,-0.1236,0.1279,0.2428
2,b52,-0.4949,0.0378,-0.8641,-0.5914,-0.4694,-0.1288,-0.4244,-0.5048,0.4219,0.8031,0.8610,0.3775,0.7179,0.0522,-0.4755,0.8202,0.2056,-0.1794,0.1035,0.1556
2,b53,-0.4195,0.0513,-0.9408,-0.5648,-0.4483,-0.1113,-0.4435,-0.4773,0.4814,0.7670,0.7765,0.4474,0.6142,0.0116,-0.3606,0.7170,0.2355,-0.2248,0.0935,0.1540
2,b54,-0.5819,-0.0551,-0.9679,-0.5322,-0.4902,-0.0908,-0.4705,-0.4477,0.4526,0.7422,0.8639,0.3951,0.6304,0.0321,-0.4052,0.7538,0.2801,-0.2098,0.2316,0.2737
2,b55,-0.3603,0.1097,-0.9274,-0.6105,-0.3738,-0.1299,-0.4208,-0.5165,0.4573,0.7211,0.8244,0.3624,0.6068,0.0291,-0.3741,0.7898,0.1546,-0.2638,0.1170,0.2161
2,b56,-0.4263,0.0388,-0.9258,-0.5162,-0.4812,-0.1147,-0.4290,-0.4874,0.4308,0.7960,0.8393,0.3747,0.7493,0.1052,-0.3627,0.7600,0.0955,-0.1989,0.0325,0.0797
2,b57,-0.5151,0.0250,-0.9082,-0.5277,-0.4391,-0.0761,-0.4487,-0.4749,0.4270,0.7524,0.7839,0.3913,0.6509,0.0671,-0.4048,0.7589,0.1292,-0.2005,0.1404,0.2415
2,b58,-0.4906,-0.0355,-0.8999,-0.5614,-0.4733,-0.1602,-0.3994,-0.5184,0.3577,0.8253,0.8918,0.3088,0.7520,0.0402,-0.4231,0.8549,0.1789,-0.2445,0.1920,0.2666
2,b59,-0.3381,0.0955,-0.8912,-0.4983,-0.3515,-0.0806,-0.3468,-0.4488,0.3897,0.7008,0.7250,0.3676,0.5824,0.0883,-0.4298,0.6900,0.1016,-0.2325,0.0646,0.1510
2,b60,-0.5138,-0.0322,-0.9120,-0.5235,-0.4562,-0.1215,-0.4117,-0.5001,0.4310,0.7137,0.8373,0.4030,0.5814,0.0754,-0.4013,0.8061,0.2122,-0.1766,0.1399,0.2425
2,b61,-0.4594,0.0186,-0.8789,-0.5321,-0.4447,-0.0957,-0.3974,-0.4581,0.4165,0.7513,0.7564,0.3561,0.6016,0.0567,-0.3970,0.7107,0.1757,-0.2184,0.1887,0.2195
2,b62,-0.3761,0.0426,-0.9552,-0.5868,-0.3673,-0.1335,-0.4046,-0.5055,0.3816,0.7713,0.8000,0.2944,0.6654,0.0566,-0.4616,0.7630,0.1396,-0.1369,0.1493,0.2842
2,b63,-0.3731,0.0680,-0.9099,-0.5998,-0.4297,-0.1316,-0.4176,-0.4913,0.4003,0.7787,0.8292,0.3343,0.6643,0.0169,-0.4633,0.7808,0.1830,-0.1380,0.1151,0.2065
2,b64,-0.4827,0.0523,-0.9664,-0.6020,-0.4853,-0.1406,-0.5063,-0.5405,0.4234,0.8213,0.8511,0.3887,0.6921,0.0536,-0.3810,0.9124,0.1774,-0.1656,0.1019,0.2438
2,b65,-0.4787,0.0426,-0.9107,-0.5320,-0.4645,-0.0886,-0.4587,-0.4879,0.4687,0.7917,0.7951,0.4014,0.6817,0.0530,-0.4329,0.7723,0.1731,-0.1871,0.0392,0.1945
2,b66,-0.5154,0.0066,-0.9455,-0.5758,-0.4978,-0.0991,-0.4758,-0.4475,0.4186,0.7884,0.8112,0.3877,0.6967,0.0551,-0.4049,0.6867,0.2525,-0.2141,0.1846,0.2824
2,b67,-0.4516,0.0437,-0.8950,-0.5791,-0.4113,-0.1202,-0.4105,-0.5010,0.4382,0.7356,0.8337,0.3927,0.6590,0.1000,-0.3826,0.7739,0.1609,-0.1545,0.0395,0.1053
2,b68,-0.4727,0.0091,-0.8627,-0.5224,-0.4435,-0.0864,-0.3954,-0.4584,0.3862,0.7422,0.7206,0.4028,0.5853,-0.0105,-0.5052,0.6752,0.2121,-0.1493,0.2151,0.3277
2,b69,-0.5234,-0.0260,-0.9678,-0.5315,-0.4372,-0.1253,-0.4350,-0.5064,0.4338,0.8175,0.8463,0.3578,0.7236,0.0430,-0.4187,0.8236,0.1601,-0.1894,0.1376,0.2268
2,b70,-0.3593,0.0977,-0.8988,-0.5665,-0.3959,-0.0921,-0.3980,-0.4489,0.3995,0.7762,0.7754,0.3538,0.6482,0.0222,-0.4580,0.6832,0.2266,-0.2739,0.1280,0.1728
2,b71,-0.4766,0.0570,-0.8407,-0.5562,-0.4153,-0.1113,-0.4194,-0.5539,0.4782,0.7451,0.7645,0.4227,0.6274,0.1151,-0.4022,0.6879,0.1661,-0.2404,0.1064,0.1930
2,b72,-0.4454,0.0496,-0.8512,-0.5814,-0.5199,-0.1365,-0.4591,-0.5535,0.4677,0.7170,0.8330,0.4002,0.5956,0.1229,-0.3740,0.7753,0.1970,-0.1879,0.1240,0.2177
2,b73,-0.4914,0.0365,-0.9187,-0.5869,-0.4660,-0.1012,-0.4523,-0.4555,0.4576,0.7688,0.6861,0.4320,0.5928,0.0452,-0.4145,0.6107,0.2868,-0.1972,0.1980,0.3205
2,b74,-0.5455,-0.0642,-0.8570,-0.5024,-0.4053,-0.1247,-0.3420,-0.5029,0.4196,0.7673,0.8162,0.4096,0.6595,0.0211,-0.4337,0.7703,0.1629,-0.2206,0.1591,0.1853
2,b75,-0.3766,0.1180,-0.8838,-0.5578,-0.3959,-0.0858,-0.4219,-0.4866,0.4251,0.7605,0.7686,0.3564,0.6652,0.0645,-0.4637,0.7103,0.1470,-0.2445,0.1409,0.1387
2,b76,-0.3952,0.0790,-0.9683,-0.5350,-0.3614,-0.1127,-0.4069,-0.5001,0.4528,0.8202,0.8090,0.3318,0.7161,0.0374,-0.5499,0.7140,0.2199,-0.2987,0.1521,0.2030
2,b77,-0.3793,0.0498,-0.8318,-0.5618,-0.4148,-0.1666,-0.3305,-0.5196,0.4215,0.7312,0.7974,0.3559,0.5818,0.0022,-0.4658,0.7365,0.2206,-0.2083,0.1508,0.2318
2,b78,-0.3800,0.0904,-0.8671,-0.5635,-0.4429,-0.0797,-0.4263,-0.4530,0.4328,0.7210,0.8036,0.3657,0.6349,-0.0185,-0.4854,0.7352,0.1524,-0.2070,0.1608,0.2190
2,b79,-0.4523,-0.0022,-0.9301,-0.5376,-0.5514,-0.1124,-0.4603,-0.4517,0.4443,0.8019,0.8050,0.3986,0.7021,0.1053,-0.4125,0.7415,0.1950,-0.1987,0.1103,0.1741
2,b80,-0.4478,-0.0032,-0.9156,-0.5307,-0.3886,-0.1341,-0.3821,-0.5268,0.4318,0.7631,0.7817,0.3098,0.6376,0.0458,-0.4347,0.7025,0.2279,-0.1885,0.1455,0.3009
2,b81,-0.4893,0.0066,-0.9416,-0.5308,-0.4862,-0.1207,-0.4722,-0.5311,0.4383,0.7941,0.7978,0.3779,0.6858,0.0958,-0.3586,0.8141,0.1469,-0.1720,0.1255,0.2079
2,b82,-0.4983,-0.0465,-0.9710,-0.5358,-0.4262,-0.1354,-0.3996,-0.4763,0.4800,0.7997,0.7986,0.4155,0.6960,0.0678,-0.4356,0.8012,0.1291,-0.1675,0.0927,0.1714
2,b83,-0.4664,0.0287,-0.9136,-0.5933,-0.4948,-0.1305,-0.4748,-0.5194,0.4430,0.7267,0.8101,0.4314,0.6064,0.0720,-0.3548,0.7942,0.1775,-0.2154,0.1810,0.2909
2,b84,-0.4221,0.0339,-0.8989,-0.5267,-0.4365,-0.0990,-0.4082,-0.4749,0.4525,0.7634,0.7989,0.3821,0.6931,0.0933,-0.4420,0.7451,0.0838,-0.1973,0.0809,0.1298
2,b85,-0.5133,-0.0063,-0.9554,-0.5335,-0.4468,-0.0740,-0.4477,-0.4262,0.4171,0.7352,0.8431,0.3550,0.6387,0.0810,-0.4113,0.7992,0.1802,-0.2086,0.1622,0.2138
2,b86,-0.4322,0.0288,-0.9330,-0.5490,-0.4247,-0.1278,-0.4324,-0.5301,0.4658,0.8040,0.8150,0.3841,0.6847,0.0479,-0.4213,0.6878,0.2319,-0.1832,0.0634,0.1931
2,b87,-0.4486,0.0444,-0.8642,-0.5404,-0.4419,-0.1117,-0.4098,-0.5151,0.4489,0.7411,0.8126,0.4029,0.6074,0.1004,-0.4485,0.7278,0.2210,-0.2128,0.0729,0.1882
2,b88,-0.4850,0.0371,-0.8265,-0.5137,-0.3824,-0.0744,-0.3754,-0.4909,0.4433,0.7171,0.7354,0.3831,0.6125,0.0568,-0.4680,0.6794,0.1255,-0.1824,0.1375,0.2106
2,b89,-0.5078,0.0266,-0.9385,-0.5790,-0.4766,-0.1263,-0.4896,-0.5359,0.4673,0.7431,0.7825,0.4198,0.6104,0.1162,-0.3686,0.6710,0.2551,-0.2371,0.2432,0.3026
2,b90,-0.4905,0.0129,-0.8595,-0.5483,-0.4804,-0.0904,-0.4424,-0.4863,0.4416,0.7676,0.8675,0.3920,0.6812,0.0378,-0.4386,0.8162,0.1717,-0.1591,0.0835,0.1189
2,b91,-0.3680,0.0385,-0.9354,-0.5955,-0.3861,-0.1360,-0.3865,-0.4739,0.4326,0.7014,0.8171,0.3503,0.5537,-0.0046,-0.4546,0.7525,0.2411,-0.1283,0.1237,0.2689
2,b92,-0.5384,0.0077,-0.9119,-0.5420,-0.4427,-0.0773,-0.4428,-0.4536,0.4227,0.8117,0.8188,0.3891,0.7302,0.0712,-0.4483,0.7238,0.1790,-0.1660,0.0698,0.1712
2,b93,-0.4554,0.0295,-1.0035,-0.6065,-0.4318,-0.1099,-0.4765,-0.4585,0.4395,0.7570,0.8663,0.3687,0.6662,0.0154,-0.4305,0.7974,0.1871,-0.1559,0.1902,0.2349
2,b94,-0.5068,0.0374,-0.8306,-0.5599,-0.5180,-0.1330,-0.4468,-0.5663,0.4274,0.8487,0.8545,0.3619,0.7733,-0.0011,-0.3655,0.7322,0.2490,-0.2142,0.1063,0.1624
2,b95,-0.5157,-0.0506,-0.9680,-0.5503,-0.4764,-0.1561,-0.4328,-0.5149,0.4635,0.8214,0.8500,0.3666,0.7325,0.0724,-0.3827,0.7551,0.2137,-0.1679,0.1127,0.2174
2,b96,-0.4329,0.0089,-0.9738,-0.5545,-0.4524,-0.1247,-0.4331,-0.4681,0.4544,0.8246,0.7955,0.3611,0.6845,0.0189,-0.4371,0.7482,0.2177,-0.2105,0.1257,0.2421
2,b97,-0.6186,-0.0457,-0.9040,-0.5138,-0.4437,-0.0483,-0.4519,-0.4349,0.4012,0.7784,0.8248,0.3158,0.6704,0.0594,-0.4032,0.8001,0.1505,-0.1381,0.1641,0.2371
2,b98,-0.4585,0.0485,-0.9058,-0.5746,-0.4400,-0.1041,-0.4480,-0.4941,0.4515,0.7698,0.7864,0.3600,0.6466,0.0357,-0.3847,0.6922,0.2377,-0.2150,0.1322,0.2516
2,b99,-0.4507,0.0460,-0.9563,-0.5605,-0.4462,-0.0979,-0.4418,-0.4436,0.4151,0.7920,0.8108,0.3703,0.6583,-0.0116,-0.4939,0.7542,0.2062,-0.1560,0.1316,0.2822
2,b100,-0.4878,0.0243,-0.9742,-0.5737,-0.4488,-0.0935,-0.4860,-0.4671,0.4538,0.7940,0.8419,0.3868,0.6745,0.0736,-0.3928,0.8577,0.1873,-0.2432,0.1273,0.1613
2,b101,-0.5990,-0.0561,-0.8701,-0.5078,-0.4748,-0.0759,-0.4358,-0.4782,0.4402,0.8175,0.7893,0.3776,0.7066,0.0398,-0.3968,0.7350,0.2270,-0.2254,0.1217,0.2413
2,b102,-0.4281,0.0346,-0.9258,-0.5636,-0.4781,-0.0794,-0.4827,-0.4559,0.4391,0.8189,0.8212,0.3866,0.7470,0.0504,-0.4323,0.8318,0.0450,-0.2524,0.1270,0.1880
2,b103,-0.5794,-0.0169,-0.8203,-0.5181,-0.3904,-0.0870,-0.3668,-0.4983,0.4506,0.7589,0.8084,0.3635,0.6505,0.0503,-0.4544,0.7333,0.1920,-0.1914,0.0833,0.2033
2,b104,-0.4759,0.0357,-0.8720,-0.5334,-0.4287,-0.0864,-0.4175,-0.4852,0.4540,0.7407,0.7628,0.3733,0.5986,0.0117,-0.4523,0.6829,0.2128,-0.1917,0.1650,0.2760
2,b105,-0.4232,0.0415,-0.9605,-0.5890,-0.4098,-0.1194,-0.4233,-0.4651,0.4195,0.7723,0.8209,0.3735,0.6923,0.0835,-0.4127,0.7906,0.1358,-0.2575,0.1524,0.1801
2,b106,-0.4694,-0.0254,-0.9161,-0.5469,-0.4711,-0.1259,-0.4203,-0.4866,0.4462,0.8097,0.7730,0.3750,0.7137,0.0435,-0.4031,0.7465,0.1768,-0.2778,0.1557,0.2872
2,b107,-0.4963,-0.0214,-1.0714,-0.5546,-0.3923,-0.0937,-0.4385,-0.4071,0.4459,0.7544,0.7740,0.4078,0.6366,0.0971,-0.4558,0.7547,0.1481,-0.1773,0.1960,0.2621
2,b108,-0.5716,-0.0242,-0.9511,-0.5713,-0.4730,-0.1057,-0.4908,-0.4959,0.4210,0.7981,0.8853,0.3754,0.7257,0.0507,-0.4241,0.8878,0.1309,-0.0660,0.1086,0.2142
2,b109,-0.3812,0.1041,-0.8950,-0.5800,-0.3713,-0.1056,-0.4095,-0.5026,0.4162,0.7001,0.8304,0.3682,0.6049,0.0286,-0.3861,0.7463,0.1808,-0.2255,0.1104,0.1668
2,b110,-0.4221,0.0585,-0.8915,-0.5297,-0.4564,-0.0874,-0.4063,-0.4371,0.3899,0.7803,0.8113,0.3107,0.6835,0.0380,-0.4795,0.7880,0.1647,-0.1095,0.0483,0.1462
2,b111,-0.5116,0.0110,-0.8484,-0.5653,-0.4910,-0.1183,-0.4297,-0.5103,0.4637,0.7889,0.7825,0.4118,0.6677,0.0537,-0.4074,0.7864,0.1590,-0.2136,0.1436,0.2057
2,b112,-0.5132,0.0111,-0.8148,-0.5179,-0.4232,-0.1214,-0.3674,-0.5476,0.4549,0.7841,0.7908,0.3772,0.6988,0.0843,-0.4582,0.7289,0.1433,-0.1923,0.0616,0.1798
2,b113,-0.4746,0.0874,-0.9070,-0.5702,-0.4617,-0.0816,-0.5041,-0.5042,0.4650,0.7424,0.7856,0.3864,0.6416,0.0257,-0.4421,0.7308,0.2031,-0.1493,0.1827,0.2342
2,b114,-0.5310,0.0442,-0.8431,-0.5622,-0.4730,-0.1022,-0.4495,-0.5269,0.4047,0.7874,0.7917,0.3835,0.6587,0.0668,-0.4429,0.7428,0.2364,-0.2031,0.1440,0.2811
2,b115,-0.4165,0.0654,-0.8815,-0.5431,-0.3979,-0.1192,-0.4038,-0.5391,0.4301,0.7652,0.7807,0.3173,0.6557,0.0654,-0.4391,0.7603,0.1334,-0.1219,0.0890,0.1856
2,b116,-0.4387,0.1149,-0.7570,-0.5309,-0.3864,-0.0456,-0.3776,-0.4761,0.4142,0.7626,0.7357,0.3150,0.6817,0.0284,-0.4791,0.6421,0.1862,-0.2235,0.0572,0.1391
2,b117,-0.4501,0.0456,-0.8553,-0.5503,-0.4076,-0.0786,-0.3930,-0.4519,0.3530,0.7308,0.8013,0.3186,0.6030,0.0170,-0.4447,0.7707,0.1891,-0.1606,0.1435,0.2361
2,b118,-0.4421,0.0442,-0.8798,-0.5347,-0.4521,-0.1288,-0.4266,-0.5575,0.4234,0.7785,0.8572,0.3454,0.6631,0.0637,-0.3672,0.8021,0.1876,-0.2639,0.1252,0.1789
2,b119,-0.4731,0.0291,-0.9249,-0.5865,-0.5240,-0.1312,-0.4804,-0.5029,0.4431,0.7629,0.8618,0.3626,0.6624,0.0850,-0.3656,0.8431,0.1702,-0.1238,0.1124,0.1946
2,b120,-0.4133,0.0260,-0.9218,-0.6077,-0.4809,-0.0982,-0.4795,-0.4559,0.4162,0.7903,0.8526,0.3403,0.7034,0.1015,-0.4099,0.8076,0.2185,-0.2415,0.0988,0.1825
2,b121,-0.5590,0.0782,-0.8120,-0.5904,-0.5300,-0.0748,-0.5390,-0.5435,0.4592,0.7750,0.8411,0.3961,0.6758,0.0871,-0.4029,0.8047,0.1941,-0.2182,0.1384,0.2365
2,b122,-0.4025,0.0341,-0.9140,-0.5719,-0.4202,-0.0969,-0.4135,-0.4445,0.4395,0.7096,0.8044,0.3495,0.5952,0.0340,-0.3736,0.7023,0.1966,-0.2128,0.1427,0.2225
2,b123,-0.4715,0.0304,-0.8063,-0.5112,-0.4562,-0.0740,-0.4003,-0.4879,0.3982,0.7859,0.7847,0.3505,0.6876,-0.0048,-0.4788,0.7739,0.0675,-0.1914,0.1496,0.2374
2,b124,-0.4896,0.0045,-0.9039,-0.5307,-0.4075,-0.0947,-0.4003,-0.4715,0.4368,0.7549,0.8194,0.3728,0.6250,0.0459,-0.4473,0.7730,0.2238,-0.1928,0.0885,0.1842
2,b125,-0.4384,0.0209,-0.9561,-0.5427,-0.4356,-0.0761,-0.4675,-0.4545,0.4848,0.7882,0.7877,0.4115,0.7102,0.0786,-0.4582,0.7205,0.1375,-0.2318,0.1050,0.1679
2,b126,-0.4811,-0.0010,-0.8583,-0.5510,-0.4263,-0.1579,-0.3884,-0.5834,0.5081,0.8002,0.7634,0.4165,0.6572,0.0559,-0.5060,0.7271,0.1901,-0.2237,0.1455,0.2817
2,b127,-0.5607,0.0569,-0.8388,-0.5390,-0.4976,-0.0756,-0.5030,-0.5449,0.4184,0.7690,0.8072,0.3663,0.6171,0.0509,-0.3858,0.7065,0.2780,-0.1858,0.1567,0.3118
2,b128,-0.3478,0.1150,-0.8353,-0.5242,-0.3766,-0.0950,-0.3686,-0.5105,0.4368,0.7312,0.7714,0.3296,0.6596,0.0516,-0.4532,0.6518,0.1370,-0.2144,0.1123,0.0817
2,b129,-0.4500,0.0685,-0.9040,-0.5342,-0.4121,-0.0532,-0.4450,-0.4426,0.4491,0.7443,0.7809,0.3500,0.6825,0.0242,-0.3693,0.6833,0.1506,-0.2732,0.1531,0.1597
2,b130,-0.6259,-0.0179,-0.8302,-0.5381,-0.4455,-0.1178,-0.4189,-0.5702,0.4336,0.7440,0.7759,0.3931,0.5803,0.0434,-0.3944,0.6825,0.2510,-0.1062,0.2177,0.3203
2,b131,-0.4873,-0.0163,-0.8298,-0.5098,-0.4850,-0.1049,-0.3667,-0.4511,0.4336,0.7461,0.7532,0.3801,0.6158,0.0692,-0.4310,0.6942,0.1820,-0.2340,0.1322,0.2616
2,b132,-0.5475,0.0029,-1.0513,-0.5873,-0.4827,-0.0967,-0.5636,-0.4739,0.4466,0.8234,0.9055,0.3813,0.7450,0.0900,-0.4013,0.8629,0.1780,-0.1338,0.1448,0.1887
2,b133,-0.4701,0.0551,-0.9779,-0.6058,-0.4882,-0.1128,-0.5350,-0.5070,0.4307,0.7591,0.8914,0.3817,0.6805,0.0718,-0.3821,0.8484,0.1947,-0.1344,0.1390,0.1967
2,b134,-0.5169,0.0568,-0.8536,-0.5563,-0.4965,-0.0660,-0.4903,-0.4845,0.4108,0.7781,0.8550,0.3543,0.6754,0.0410,-0.4183,0.8362,0.1734,-0.1602,0.1025,0.1810
3,c1,-0.4192,0.0460,-0.8878,-0.6035,-0.4235,-0.1368,-0.3935,-0.4840,0.4236,0.7096,0.8619,0.3596,0.6209,0.0432,-0.3795,0.8088,0.1703,-0.1308,0.1024,0.1183
3,c2,-0.3786,0.0340,-0.9163,-0.5747,-0.4358,-0.1406,-0.3844,-0.4674,0.3802,0.7797,0.8391,0.3353,0.6814,-0.1453,-0.4176,0.7635,0.2049,-0.2054,0.1872,0.2981
3,c3,-0.5534,-0.0211,-0.9512,-0.5264,-0.5455,-0.0726,-0.5084,-0.4363,0.4283,0.8292,0.7404,0.3853,0.6921,0.0285,-0.4066,0.6686,0.2857,-0.1808,0.2008,0.3203
3,c4,-0.5483,0.0351,-0.8518,-0.5608,-0.4563,-0.0738,-0.4499,-0.4753,0.4526,0.8160,0.8423,0.4097,0.7583,0.0629,-0.3993,0.7801,0.1628,-0.2832,0.0868,0.0742
3,c5,-0.4126,0.0338,-0.9355,-0.5542,-0.5054,-0.1080,-0.4618,-0.4640,0.4055,0.7920,0.8079,0.3682,0.7111,0.0233,-0.4260,0.7526,0.1886,-0.1464,0.1224,0.2042
3,c6,-0.4982,0.0080,-0.9169,-0.5690,-0.4449,-0.1246,-0.4536,-0.5335,0.4386,0.7626,0.8734,0.3617,0.6791,0.0717,-0.3646,0.8225,0.2100,-0.1341,0.0859,0.1382
3,c7,-0.4756,0.0126,-0.9066,-0.5312,-0.4085,-0.1073,-0.4125,-0.5093,0.4192,0.8232,0.7832,0.3643,0.7269,0.0158,-0.4455,0.7869,0.1436,-0.1590,0.1108,0.1556
3,c8,-0.5931,-0.0809,-0.8978,-0.5390,-0.5278,-0.1190,-0.4514,-0.4961,0.4180,0.8182,0.8880,0.3782,0.7148,-0.0143,-0.4340,0.8284,0.2804,-0.1398,0.1254,0.2759
3,c9,-0.5129,0.0095,-0.8874,-0.5771,-0.4338,-0.1640,-0.4437,-0.6252,0.4102,0.8731,0.8458,0.3607,0.7230,-0.0305,-0.4118,0.8035,0.3399,-0.2272,0.1478,0.2635
3,c10,-0.4127,-0.0172,-0.9580,-0.5687,-0.4214,-0.1534,-0.3979,-0.4967,0.3989,0.7473,0.8555,0.2949,0.6361,0.0923,-0.3832,0.7880,0.2626,-0.1685,0.1257,0.2071
3,c11,-0.5945,-0.0762,-0.8701,-0.5871,-0.5845,-0.1320,-0.4926,-0.5206,0.4540,0.8341,0.8390,0.4288,0.7081,0.0537,-0.3994,0.8055,0.2398,-0.1342,0.1654,0.2675
3,c12,-0.5377,-0.0202,-0.9389,-0.5868,-0.5519,-0.1234,-0.5063,-0.4904,0.4606,0.8373,0.8376,0.4209,0.7339,0.0365,-0.3992,0.8037,0.2302,-0.2309,0.1701,0.2688
3,c13,-0.5621,0.0230,-0.8979,-0.5482,-0.5703,-0.0939,-0.5084,-0.4857,0.4080,0.7838,0.8615,0.3645,0.7159,0.1019,-0.3725,0.8215,0.2131,-0.1511,0.1280,0.1866
3,c14,-0.5549,-0.0228,-0.9144,-0.5349,-0.4906,-0.1137,-0.4658,-0.5234,0.3849,0.7852,0.8574,0.3645,0.6729,0.0399,-0.3963,0.8340,0.2167,-0.1136,0.1713,0.2318
3,c15,-0.5605,-0.0155,-0.9671,-0.5546,-0.4899,-0.1240,-0.4797,-0.5066,0.4574,0.7814,0.8287,0.4121,0.6307,0.0632,-0.3799,0.7758,0.2440,-0.1597,0.1600,0.2816
3,c16,-0.5763,-0.0084,-0.9447,-0.5285,-0.4742,-0.1230,-0.4576,-0.5251,0.4291,0.7760,0.8094,0.3727,0.6382,0.0174,-0.4048,0.7628,0.2536,-0.1370,0.2123,0.3181
3,c17,-0.4496,0.0178,-0.9256,-0.5880,-0.4172,-0.1397,-0.4218,-0.5203,0.4392,0.7788,0.7711,0.3942,0.6645,-0.0418,-0.4204,0.7637,0.2181,-0.0792,0.1241,0.2255
3,c18,-0.5463,-0.0198,-0.9762,-0.5376,-0.4601,-0.1249,-0.4857,-0.5420,0.3925,0.7574,0.8684,0.3981,0.6608,0.0718,-0.4111,0.7925,0.2560,-0.2225,0.2352,0.3298
3,c19,-0.5472,-0.0757,-0.8537,-0.5371,-0.4427,-0.1453,-0.3541,-0.5016,0.4777,0.7124,0.8497,0.4014,0.6393,0.0382,-0.4096,0.7936,0.2358,-0.2276,0.1250,0.2085
3,c20,-0.6112,-0.1087,-0.9444,-0.5359,-0.4862,-0.1479,-0.4383,-0.5311,0.4414,0.8076,0.9116,0.3347,0.6968,0.0706,-0.3863,0.8899,0.2202,-0.1683,0.1523,0.2757
3,c21,-0.3746,0.0877,-0.9313,-0.6286,-0.3705,-0.1258,-0.4247,-0.5031,0.3911,0.7366,0.7860,0.3339,0.6174,-0.0245,-0.3650,0.7385,0.2234,-0.1579,0.1469,0.2690
3,c22,-0.4655,-0.0467,-0.9502,-0.5454,-0.4455,-0.1499,-0.3898,-0.4786,0.4666,0.7539,0.8644,0.3744,0.6555,-0.0247,-0.4370,0.8052,0.2045,-0.2602,0.2141,0.2695
3,c23,-0.4004,0.0556,-0.9308,-0.5290,-0.4077,-0.0903,-0.4378,-0.4932,0.4267,0.7644,0.8939,0.2861,0.6894,-0.0389,-0.4270,0.8004,0.1983,-0.1893,0.0861,0.1770
3,c24,-0.4822,-0.0021,-0.9339,-0.5489,-0.5220,-0.1527,-0.4700,-0.5577,0.4481,0.8346,0.7952,0.3985,0.7196,-0.0079,-0.4653,0.8107,0.1910,-0.1159,0.1846,0.2855
3,c25,-0.5593,-0.0869,-0.9358,-0.5085,-0.4659,-0.1312,-0.4348,-0.5393,0.4867,0.7885,0.8913,0.3963,0.6914,-0.1731,-0.4147,0.7922,0.2561,-0.0967,0.1529,0.3020
3,c26,-0.5165,0.0003,-0.9265,-0.5225,-0.4651,-0.1413,-0.4400,-0.5626,0.4548,0.8085,0.8141,0.4069,0.7117,-0.1123,-0.4050,0.7608,0.1954,-0.1484,0.1850,0.3004
3,c27,-0.3825,0.0534,-0.9900,-0.6139,-0.4053,-0.1586,-0.4290,-0.5113,0.4685,0.7923,0.8018,0.4280,0.6851,0.0494,-0.5355,0.7605,0.1571,-0.1625,0.1877,0.1957
3,c28,-0.4224,0.0831,-0.9353,-0.5957,-0.4856,-0.0888,-0.5202,-0.4804,0.4939,0.7459,0.8062,0.4456,0.6207,-0.0818,-0.5089,0.7776,0.2186,-0.1251,0.1939,0.2619
3,c29,-0.4757,0.0324,-0.9356,-0.5657,-0.4331,-0.0720,-0.4696,-0.4483,0.4223,0.7654,0.8711,0.3390,0.6597,0.0449,-0.4296,0.7935,0.2367,-0.1470,0.0679,0.1621
3,c30,-0.4397,0.0583,-0.9366,-0.5694,-0.4276,-0.1153,-0.4557,-0.5156,0.4031,0.7703,0.9198,0.3386,0.6762,-0.1222,-0.4497,0.8808,0.2576,-0.1420,0.1517,0.1943
3,c31,-0.5361,-0.0249,-0.9359,-0.5846,-0.4682,-0.1594,-0.4639,-0.5713,0.4200,0.7951,0.8793,0.3404,0.6812,0.0428,-0.4037,0.8209,0.2757,-0.0987,0.1668,0.2739
3,c32,-0.5778,-0.0410,-0.9584,-0.5285,-0.4901,-0.1236,-0.4590,-0.5047,0.4730,0.7688,0.9338,0.3590,0.6710,0.0732,-0.4544,0.8359,0.3163,-0.0883,0.0585,0.1624
3,c33,-0.5380,-0.0354,-0.8914,-0.5273,-0.3776,-0.1437,-0.3662,-0.5535,0.4268,0.7598,0.7728,0.3476,0.6342,0.0082,-0.4082,0.6937,0.2708,-0.1674,0.1784,0.3075
3,c34,-0.5210,-0.0506,-0.8088,-0.5514,-0.4725,-0.1067,-0.3957,-0.4956,0.4433,0.7456,0.7888,0.3614,0.5910,-0.0560,-0.4223,0.7431,0.2257,-0.1247,0.2234,0.2744
3,c35,-0.5587,-0.0233,-0.9237,-0.5439,-0.4209,-0.1190,-0.4400,-0.5359,0.4096,0.7761,0.8032,0.3913,0.6122,0.0309,-0.4809,0.7527,0.2719,-0.1380,0.2197,0.3319
3,c36,-0.5861,-0.0002,-0.9150,-0.5666,-0.5236,-0.1424,-0.4933,-0.5680,0.4349,0.8010,0.8979,0.3852,0.6464,0.0456,-0.4413,0.8918,0.3000,-0.1756,0.1603,0.3179
3,c37,-0.5009,0.0038,-0.9049,-0.5536,-0.4723,-0.1243,-0.4454,-0.5226,0.4768,0.8088,0.8492,0.3997,0.6955,0.0357,-0.5493,0.7710,0.2503,-0.1600,0.1389,0.2092
3,c38,-0.4601,0.0250,-0.8345,-0.5518,-0.4627,-0.0988,-0.4225,-0.5051,0.4216,0.7990,0.8234,0.3308,0.6816,0.0097,-0.4698,0.8118,0.2006,-0.1919,0.0967,0.2189
3,c39,-0.6326,-0.0484,-0.8718,-0.4850,-0.4589,-0.0602,-0.4193,-0.4500,0.4226,0.7903,0.8320,0.3649,0.6744,-0.0017,-0.4590,0.7235,0.2333,-0.1358,0.0798,0.2834
3,c40,-0.4624,0.0016,-0.9068,-0.5231,-0.4072,-0.0995,-0.3668,-0.4370,0.4081,0.7945,0.8188,0.3011,0.7248,0.0594,-0.3896,0.7340,0.1668,-0.2559,0.0791,0.1450
3,c41,-0.5267,-0.0779,-0.8398,-0.5075,-0.4167,-0.1705,-0.3335,-0.5796,0.4155,0.7664,0.7953,0.3590,0.6065,0.0700,-0.4676,0.7128,0.2805,-0.1261,0.1166,0.3117
3,c42,-0.5406,-0.0067,-0.9598,-0.5872,-0.4503,-0.1312,-0.4482,-0.4897,0.4340,0.7638,0.8101,0.3806,0.6196,0.0669,-0.4003,0.7920,0.2860,-0.1316,0.1739,0.2342
3,c43,-0.5168,-0.0100,-0.9302,-0.5326,-0.4499,-0.1358,-0.4137,-0.5146,0.4758,0.7494,0.8372,0.4003,0.6341,0.0921,-0.4045,0.7804,0.2075,-0.1031,0.0845,0.1193
3,c44,-0.5701,-0.0197,-0.8223,-0.4822,-0.4660,-0.1169,-0.3880,-0.5634,0.4674,0.7569,0.8185,0.3779,0.6026,0.0094,-0.4649,0.7721,0.2462,-0.1497,0.1178,0.2632
3,c45,-0.3910,0.0554,-0.8661,-0.5470,-0.3731,-0.1201,-0.3657,-0.5152,0.3955,0.7352,0.8214,0.3341,0.6078,-0.0600,-0.4746,0.6899,0.2622,-0.2031,0.1919,0.2376
3,c46,-0.4655,0.0515,-0.8837,-0.5590,-0.4238,-0.1174,-0.4208,-0.5248,0.4051,0.7695,0.8394,0.3260,0.6747,0.0256,-0.4089,0.7556,0.2483,-0.2075,0.1198,0.2209
3,c47,-0.4632,-0.0227,-0.9364,-0.5382,-0.5075,-0.1099,-0.4467,-0.4567,0.4468,0.7566,0.8188,0.3984,0.6521,0.0342,-0.3766,0.6763,0.2725,-0.2059,0.2001,0.1792
3,c48,-0.5171,0.0378,-0.8488,-0.5229,-0.4990,-0.0896,-0.4332,-0.4864,0.4268,0.7187,0.8225,0.4034,0.5939,0.0679,-0.3788,0.7365,0.2415,-0.1641,0.1181,0.1477
3,c49,-0.4294,-0.0144,-0.9598,-0.5513,-0.4105,-0.1607,-0.3810,-0.5074,0.4273,0.7886,0.8117,0.3551,0.6897,0.0410,-0.4341,0.7953,0.1688,-0.2040,0.1371,0.2420
3,c50,-0.4759,0.0212,-0.8554,-0.6151,-0.4436,-0.1272,-0.3950,-0.4677,0.4133,0.7320,0.8753,0.3479,0.6364,0.0584,-0.4989,0.8020,0.2329,-0.1365,0.1579,0.1696
3,c51,-0.5427,0.0187,-0.9063,-0.5460,-0.4867,-0.1254,-0.4515,-0.5273,0.4129,0.8149,0.7954,0.3556,0.7092,0.0443,-0.4040,0.7520,0.2525,-0.1089,0.1321,0.2144
3,c52,-0.3987,0.0482,-0.9677,-0.5948,-0.4782,-0.1006,-0.4780,-0.4391,0.4595,0.7385,0.8766,0.3531,0.6546,0.0435,-0.4425,0.8144,0.2063,-0.2638,0.1681,0.2323
3,c53,-0.5406,-0.0246,-0.8669,-0.5451,-0.5413,-0.1153,-0.4624,-0.5152,0.4387,0.7865,0.8854,0.3506,0.6854,0.0769,-0.4033,0.8108,0.2391,-0.1240,0.1116,0.1679
3,c54,-0.4782,-0.0124,-0.8419,-0.4971,-0.4108,-0.1034,-0.3479,-0.4834,0.4293,0.7619,0.7640,0.3936,0.6067,0.0066,-0.4862,0.6977,0.2403,-0.1598,0.0330,0.2470
3,c55,-0.4226,0.0452,-0.9472,-0.5413,-0.4221,-0.1160,-0.4243,-0.4936,0.4397,0.7177,0.7965,0.3905,0.6003,0.0621,-0.4333,0.7122,0.1758,-0.2420,0.2265,0.2568
3,c56,-0.3172,0.0915,-0.9515,-0.5322,-0.3441,-0.1456,-0.3605,-0.5235,0.4124,0.8045,0.7393,0.2881,0.6804,0.0575,-0.4560,0.7118,0.1630,-0.2056,0.0873,0.1874
3,c57,-0.3814,0.0716,-0.8953,-0.6029,-0.4850,-0.1124,-0.4692,-0.4900,0.4412,0.7299,0.7737,0.3954,0.5993,0.0943,-0.4014,0.6336,0.1990,-0.2221,0.1977,0.2939
3,c58,-0.3380,0.0904,-0.8924,-0.5863,-0.4097,-0.1361,-0.3891,-0.4968,0.3590,0.7914,0.7174,0.2957,0.6274,0.0341,-0.4517,0.6579,0.2456,-0.2311,0.1971,0.3299
3,c59,-0.3272,0.0712,-0.9065,-0.5394,-0.3940,-0.1481,-0.3792,-0.5450,0.3414,0.6888,0.7721,0.3185,0.5565,0.0190,-0.4129,0.6897,0.2517,-0.1563,0.2100,0.3060
3,c60,-0.4894,0.0407,-0.8700,-0.5325,-0.4510,-0.0963,-0.4430,-0.5250,0.4299,0.8169,0.7919,0.3450,0.7214,0.0688,-0.4077,0.7385,0.1773,-0.1556,0.0394,0.1805
3,c61,-0.3326,0.0677,-1.0038,-0.6180,-0.4592,-0.1406,-0.4608,-0.4644,0.3950,0.7921,0.7795,0.3651,0.6786,0.0540,-0.4792,0.7107,0.2206,-0.1983,0.2127,0.2979
3,c62,-0.3106,0.0418,-0.8978,-0.5771,-0.4183,-0.1499,-0.3621,-0.4723,0.3828,0.7550,0.7861,0.2974,0.6562,0.0732,-0.4259,0.7404,0.1664,-0.1932,0.1266,0.1827
3,c63,-0.4167,0.0420,-0.9672,-0.5504,-0.5043,-0.1116,-0.4837,-0.4801,0.4743,0.8154,0.7225,0.4223,0.6984,0.0642,-0.4390,0.7181,0.1725,-0.2308,0.1483,0.2656
3,c64,-0.3305,0.0774,-0.8434,-0.6294,-0.4222,-0.1348,-0.3787,-0.4721,0.4169,0.7159,0.8357,0.3234,0.6526,0.0264,-0.4252,0.7153,0.1431,-0.2472,0.1817,0.2031
3,c65,-0.3500,0.0714,-0.9133,-0.5236,-0.4202,-0.1039,-0.3898,-0.4623,0.4850,0.7121,0.7241,0.4209,0.5614,0.0467,-0.4775,0.6520,0.1919,-0.2150,0.1349,0.1850
3,c66,-0.3382,0.0892,-0.8898,-0.5549,-0.4691,-0.0987,-0.4394,-0.4772,0.3853,0.7434,0.8488,0.2934,0.6783,0.0610,-0.4405,0.8338,0.1020,-0.1951,0.1602,0.1341
3,c67,-0.3435,0.1020,-0.9002,-0.5738,-0.4581,-0.0996,-0.4483,-0.4769,0.4299,0.7267,0.7321,0.3552,0.5804,0.0252,-0.4061,0.6581,0.1928,-0.0511,0.0894,0.2244
3,c68,-0.3819,0.0745,-0.9020,-0.5869,-0.4496,-0.1318,-0.4365,-0.5183,0.4404,0.7561,0.7971,0.3592,0.6659,0.0528,-0.4034,0.7186,0.1623,-0.1581,0.1089,0.2174
3,c69,-0.5098,-0.0305,-0.8495,-0.5564,-0.4672,-0.0984,-0.4191,-0.4800,0.5211,0.6974,0.7638,0.4380,0.5750,0.0777,-0.4461,0.6341,0.2015,-0.1709,0.1594,0.2845
3,c70,-0.4297,0.0168,-0.8898,-0.5467,-0.4971,-0.0964,-0.4545,-0.4789,0.4407,0.7367,0.8056,0.3751,0.6601,0.1128,-0.3948,0.7242,0.1352,-0.1228,0.1096,0.1504
3,c71,-0.4561,-0.0068,-0.9561,-0.5956,-0.4177,-0.1023,-0.4546,-0.4661,0.4224,0.7628,0.8403,0.3094,0.6780,0.0747,-0.3290,0.7762,0.1964,-0.1709,0.1422,0.1635
3,c72,-0.4663,0.0449,-0.8704,-0.6075,-0.6294,-0.1056,-0.5477,-0.4873,0.4327,0.8089,0.8595,0.3686,0.7452,0.0735,-0.4223,0.8086,0.1944,-0.1205,0.1583,0.1852
3,c73,-0.4742,-0.0080,-0.9026,-0.5401,-0.5212,-0.0847,-0.4535,-0.4309,0.4259,0.7647,0.7847,0.3777,0.6514,0.0932,-0.4036,0.7320,0.2053,-0.2326,0.1638,0.2301
3,c74,-0.3576,0.0629,-0.8999,-0.5490,-0.4693,-0.1088,-0.4219,-0.4685,0.4313,0.7277,0.8062,0.3684,0.6424,0.0538,-0.4425,0.6813,0.1973,-0.2273,0.1691,0.1809
3,c75,-0.4671,0.0162,-0.9089,-0.5639,-0.5148,-0.1062,-0.4697,-0.4764,0.4702,0.7280,0.7865,0.3757,0.5892,0.0648,-0.4337,0.7086,0.2422,-0.1218,0.1905,0.2699
3,c76,-0.4764,0.0641,-0.8875,-0.6111,-0.4489,-0.1162,-0.4781,-0.5354,0.4724,0.7678,0.8028,0.3976,0.6477,0.1073,-0.3713,0.7261,0.2071,-0.1798,0.1020,0.1916
3,c77,-0.4329,0.0554,-0.8845,-0.5247,-0.4967,-0.0905,-0.4556,-0.4904,0.4759,0.7608,0.8136,0.4021,0.6452,0.0507,-0.3742,0.7251,0.2095,-0.2208,0.0459,0.1479
3,c78,-0.3958,0.0386,-0.9082,-0.5747,-0.4497,-0.1285,-0.4180,-0.4899,0.4083,0.7670,0.7973,0.3533,0.6249,0.0471,-0.4558,0.7706,0.2266,-0.1405,0.1165,0.2199
3,c79,-0.4263,0.0380,-0.8629,-0.5516,-0.4813,-0.1170,-0.4211,-0.5022,0.4697,0.7892,0.7839,0.3957,0.6887,0.0418,-0.4215,0.7321,0.1747,-0.2116,0.0833,0.1636
3,c80,-0.3396,0.0712,-0.8823,-0.6024,-0.3740,-0.1158,-0.3857,-0.4805,0.4062,0.7176,0.7702,0.3174,0.5814,0.0605,-0.4745,0.7213,0.1717,-0.1544,0.1456,0.2454
3,c81,-0.4743,0.0001,-0.8168,-0.5840,-0.4816,-0.1194,-0.4083,-0.4975,0.4726,0.7048,0.7964,0.3864,0.5877,0.1019,-0.3750,0.6949,0.1962,-0.1198,0.0997,0.1884
3,c82,-0.4785,0.0203,-0.9178,-0.5548,-0.4531,-0.1531,-0.4294,-0.5606,0.4412,0.7519,0.8288,0.3644,0.6513,0.0718,-0.3991,0.7633,0.2005,-0.1363,0.1232,0.2663
3,c83,-0.4884,-0.0578,-0.8728,-0.5654,-0.4709,-0.1501,-0.3900,-0.5044,0.3488,0.7442,0.8616,0.3298,0.6390,0.1385,-0.3262,0.7853,0.2371,-0.1880,0.1392,0.2123
3,c84,-0.5485,0.0075,-0.9078,-0.5673,-0.4690,-0.1162,-0.4594,-0.5147,0.4626,0.7864,0.7776,0.4093,0.6678,0.0746,-0.3703,0.7226,0.2088,-0.1632,0.1571,0.2111
3,c85,-0.5041,-0.1057,-0.8657,-0.5029,-0.4191,-0.1688,-0.3386,-0.5613,0.4494,0.7834,0.7725,0.3877,0.6613,0.0791,-0.4291,0.7115,0.2175,-0.2141,0.1736,0.2339
3,c86,-0.4587,0.0432,-0.9036,-0.6052,-0.4309,-0.1420,-0.4292,-0.5273,0.4702,0.7621,0.8655,0.4471,0.6655,0.0382,-0.4291,0.7670,0.2181,-0.2412,0.1247,0.1639
3,c87,-0.3149,0.1351,-0.8667,-0.5572,-0.4056,-0.1118,-0.4079,-0.5247,0.4208,0.7261,0.8324,0.2991,0.6204,0.0036,-0.4881,0.7681,0.2136,-0.1767,0.1303,0.1296
3,c88,-0.5490,-0.0334,-0.8923,-0.5577,-0.5022,-0.1186,-0.4628,-0.5208,0.4903,0.8236,0.8236,0.3594,0.7390,0.0817,-0.3843,0.8036,0.1578,-0.1610,0.1204,0.1672
3,c89,-0.5030,-0.0264,-0.8911,-0.5183,-0.4254,-0.1233,-0.3961,-0.5268,0.4763,0.7647,0.7658,0.3734,0.6702,0.0773,-0.4481,0.7112,0.1933,-0.2051,0.1403,0.2530
3,c90,-0.4570,0.0688,-0.8275,-0.5538,-0.4199,-0.0586,-0.4167,-0.4532,0.3963,0.7234,0.7348,0.3471,0.6057,0.0750,-0.4265,0.6500,0.1725,-0.1476,0.1115,0.2340
3,c91,-0.3854,0.0302,-0.9850,-0.5473,-0.3915,-0.0951,-0.3987,-0.4141,0.4379,0.7173,0.7790,0.3499,0.6265,0.1255,-0.3427,0.6580,0.1804,-0.2007,0.0327,0.1649
3,c92,-0.3446,0.0828,-0.9534,-0.5131,-0.3244,-0.0678,-0.3678,-0.4224,0.3840,0.6921,0.8352,0.2850,0.6288,0.0824,-0.5181,0.7392,0.1493,-0.1384,0.0383,0.1232
3,c93,-0.3685,0.0362,-0.8553,-0.5602,-0.3688,-0.1598,-0.3406,-0.5510,0.3512,0.7606,0.7827,0.3093,0.6314,0.0185,-0.4394,0.7458,0.1813,-0.1097,0.1276,0.2194
3,c94,-0.4211,0.0756,-0.8458,-0.5819,-0.4365,-0.0754,-0.4402,-0.4696,0.4487,0.7478,0.8288,0.3787,0.6674,0.0933,-0.4312,0.8081,0.1236,-0.1555,0.0458,0.0168
3,c95,-0.4685,-0.0253,-0.8847,-0.5425,-0.4351,-0.1116,-0.3755,-0.4484,0.4552,0.7394,0.8354,0.3683,0.6398,0.0486,-0.4381,0.7901,0.1537,-0.2256,0.1412,0.1665
3,c96,-0.4846,0.0028,-0.8028,-0.5171,-0.4009,-0.1243,-0.3339,-0.5277,0.4103,0.6949,0.7065,0.3985,0.5375,0.0601,-0.4050,0.6449,0.1885,-0.1544,0.1493,0.2953
3,c97,-0.3438,0.1051,-0.9157,-0.5710,-0.3997,-0.1004,-0.4242,-0.4821,0.4019,0.7800,0.7996,0.2964,0.6965,0.0753,-0.4653,0.7752,0.1521,-0.2289,0.1163,0.1480
3,c98,-0.3669,0.0433,-0.8921,-0.5369,-0.4095,-0.1407,-0.3651,-0.5083,0.3645,0.7550,0.7776,0.3517,0.6619,0.0288,-0.3785,0.6603,0.2286,-0.2203,0.1539,0.1751
3,c99,-0.2960,0.1250,-0.9332,-0.6431,-0.3945,-0.1323,-0.4274,-0.4878,0.3980,0.7065,0.8666,0.3080,0.6377,0.1122,-0.4113,0.7889,0.1598,-0.1771,0.1265,0.1040
3,c100,-0.4316,0.0449,-0.8804,-0.5802,-0.3499,-0.1770,-0.3504,-0.5794,0.3985,0.7091,0.8239,0.3507,0.5843,0.0596,-0.4009,0.7559,0.2105,-0.1686,0.1602,0.2354
3,c101,-0.3285,0.0886,-0.9197,-0.5594,-0.3685,-0.1133,-0.3959,-0.4986,0.4089,0.7340,0.8113,0.2920,0.6675,0.1211,-0.3904,0.7248,0.1529,-0.2271,0.0717,0.1188
3,c102,-0.3638,0.0619,-0.8734,-0.5160,-0.3689,-0.1060,-0.3466,-0.4807,0.4217,0.7008,0.8395,0.2812,0.6046,0.0514,-0.4991,0.7935,0.1636,-0.1981,0.1074,0.1353
3,c103,-0.3863,0.0530,-0.8526,-0.5908,-0.3938,-0.1065,-0.3816,-0.4706,0.4224,0.7483,0.8228,0.3088,0.6817,0.0848,-0.4177,0.7469,0.1267,-0.1759,0.0593,0.1070
3,c104,-0.4189,0.0216,-0.8669,-0.5502,-0.4404,-0.1075,-0.3797,-0.4508,0.4230,0.7664,0.7734,0.3628,0.6292,0.0568,-0.4790,0.7749,0.1757,-0.2066,0.1016,0.2006
3,c105,-0.5139,-0.0225,-0.9422,-0.5383,-0.4833,-0.0904,-0.4513,-0.4400,0.4331,0.7297,0.8227,0.3341,0.6321,0.0731,-0.3764,0.6823,0.2234,-0.0783,0.1347,0.2427
3,c106,-0.5524,-0.0946,-0.8545,-0.5064,-0.4574,-0.1345,-0.3719,-0.5259,0.4271,0.7773,0.7636,0.3206,0.6582,0.1255,-0.4147,0.7703,0.1274,-0.0999,0.1568,0.2523
3,c107,-0.3700,0.1009,-0.8665,-0.5400,-0.4107,-0.0952,-0.4093,-0.5042,0.4168,0.7296,0.7670,0.3160,0.6413,0.0982,-0.4111,0.6675,0.1544,-0.1778,0.0899,0.1684
3,c108,-0.4040,0.0298,-1.0014,-0.5461,-0.3493,-0.0898,-0.4058,-0.4389,0.4215,0.7277,0.7493,0.3448,0.6192,0.0498,-0.3995,0.6783,0.1703,-0.1468,0.1117,0.2393
3,c109,-0.3453,0.0445,-1.0212,-0.5595,-0.3453,-0.1246,-0.3937,-0.4654,0.3989,0.7110,0.7909,0.2897,0.6144,0.0634,-0.4342,0.7470,0.1615,-0.0927,0.1264,0.2334
3,c110,-0.4950,0.0369,-0.7923,-0.5231,-0.4820,-0.0969,-0.4065,-0.5278,0.4151,0.7553,0.8102,0.3133,0.6364,0.0834,-0.4323,0.6645,0.2681,-0.2168,0.1679,0.2149
3,c111,-0.4842,-0.0593,-0.9457,-0.5151,-0.3916,-0.1654,-0.3739,-0.5600,0.4260,0.7815,0.7871,0.4256,0.6678,0.0488,-0.4249,0.7917,0.1365,-0.0952,0.1253,0.1895
3,c112,-0.4354,0.0500,-0.9664,-0.5493,-0.4644,-0.1086,-0.4756,-0.4948,0.4233,0.7667,0.8052,0.3718,0.6920,0.0897,-0.3930,0.7332,0.1870,-0.1596,0.0940,0.2189
3,c113,-0.5079,-0.0052,-0.8048,-0.5217,-0.5085,-0.1268,-0.4012,-0.5506,0.4229,0.7783,0.8355,0.3615,0.6656,0.0629,-0.4664,0.7560,0.2033,-0.1576,0.1556,0.2047
3,c114,-0.4280,0.0051,-0.7998,-0.5009,-0.3671,-0.1081,-0.3319,-0.5388,0.3428,0.7425,0.7610,0.2642,0.6102,0.1093,-0.4271,0.6901,0.2044,-0.1787,0.1189,0.2233
3,c115,-0.5420,-0.0684,-0.9477,-0.5386,-0.4069,-0.1054,-0.3888,-0.4376,0.4322,0.7580,0.7914,0.3874,0.6501,0.0284,-0.3806,0.7645,0.1575,-0.2128,0.2021,0.2308
3,c116,-0.3779,0.0532,-0.9321,-0.5304,-0.3856,-0.1074,-0.3979,-0.4887,0.3812,0.7597,0.8226,0.3201,0.6543,0.0468,-0.4266,0.7680,0.1756,-0.2253,0.1025,0.1987
3,c117,-0.5023,-0.0430,-0.9244,-0.5123,-0.4384,-0.0776,-0.4157,-0.4348,0.4500,0.6955,0.8276,0.3839,0.6367,0.0626,-0.4107,0.7313,0.1455,-0.2238,0.1935,0.2189
3,c118,-0.5075,-0.0563,-0.9119,-0.5298,-0.4784,-0.1376,-0.4286,-0.5348,0.4390,0.8012,0.7986,0.4134,0.6953,0.0851,-0.3799,0.7508,0.1720,-0.2224,0.1625,0.2417
3,c119,-0.5105,-0.0192,-0.7410,-0.5333,-0.4551,-0.1513,-0.3213,-0.5548,0.4093,0.7514,0.8371,0.3793,0.6512,0.0463,-0.4406,0.7922,0.1661,-0.1445,0.0872,0.1372
3,c120,-0.5266,-0.0229,-0.8887,-0.5121,-0.4644,-0.0947,-0.4279,-0.4929,0.4081,0.7813,0.7910,0.3984,0.6671,0.0565,-0.3712,0.7590,0.1722,-0.1848,0.1211,0.2033
3,c121,-0.5189,-0.0464,-0.8933,-0.5006,-0.5020,-0.1224,-0.4132,-0.5030,0.4494,0.7570,0.8653,0.4119,0.6661,0.0427,-0.4481,0.7863,0.2028,-0.1845,0.1366,0.1993
3,c122,-0.5884,-0.0687,-0.9016,-0.5254,-0.5404,-0.1350,-0.4608,-0.5432,0.4723,0.8030,0.8567,0.4113,0.7036,0.0414,-0.3676,0.8280,0.1722,-0.0926,0.1319,0.1862
3,c123,-0.5310,-0.0970,-0.7684,-0.5325,-0.4542,-0.1633,-0.3130,-0.5309,0.4473,0.7545,0.8450,0.3925,0.6894,0.0795,-0.4033,0.8066,0.1119,-0.1606,0.0709,0.1179
3,c124,-0.5300,0.0467,-0.8493,-0.5760,-0.5042,-0.1053,-0.4884,-0.5441,0.4793,0.7542,0.8526,0.4296,0.6742,0.0699,-0.3585,0.8098,0.1813,-0.1808,0.0806,0.1469
3,c125,-0.5235,-0.0008,-0.8960,-0.5650,-0.5549,-0.1041,-0.5061,-0.5021,0.4408,0.8273,0.8302,0.3843,0.7447,0.0592,-0.3945,0.8119,0.1986,-0.2176,0.1436,0.2368
3,c126,-0.5130,0.0217,-0.8196,-0.5367,-0.4327,-0.1153,-0.4061,-0.5656,0.4573,0.7605,0.7708,0.3420,0.6583,0.0343,-0.3797,0.6569,0.2292,-0.1170,0.0902,0.2272
3,c127,-0.5133,-0.0099,-0.8717,-0.5123,-0.4303,-0.1252,-0.3832,-0.5287,0.4550,0.8131,0.7647,0.4465,0.6981,0.0771,-0.4425,0.7516,0.1539,-0.1817,0.0270,0.1544
3,c128,-0.5486,-0.0090,-0.8144,-0.4864,-0.4749,-0.1197,-0.3897,-0.5709,0.4553,0.7815,0.7952,0.3627,0.6969,0.0385,-0.3234,0.6915,0.1593,-0.2254,0.0881,0.2472
3,c129,-0.4511,0.0379,-0.8627,-0.5609,-0.4237,-0.1240,-0.4091,-0.5368,0.4113,0.7024,0.7938,0.3360,0.5571,0.0680,-0.4121,0.6975,0.2449,-0.1123,0.1552,0.2848
3,c130,-0.3318,0.0957,-0.9023,-0.5642,-0.3771,-0.1696,-0.3755,-0.5782,0.3749,0.7251,0.8179,0.3354,0.6074,0.0660,-0.4143,0.8105,0.1767,-0.1519,0.0924,0.1869
3,c131,-0.5630,-0.0091,-0.8790,-0.5249,-0.5510,-0.0909,-0.4644,-0.4687,0.4602,0.7240,0.8563,0.3755,0.6035,0.0840,-0.4253,0.7877,0.2258,-0.0681,0.1292,0.1837
3,c132,-0.3900,0.0749,-0.8509,-0.5640,-0.3493,-0.1063,-0.3551,-0.4904,0.4024,0.7170,0.7668,0.3695,0.5934,0.0642,-0.4498,0.7216,0.1606,-0.1882,0.0555,0.1917
3,c133,-0.3998,0.0840,-0.8975,-0.5209,-0.3733,-0.0956,-0.3918,-0.5006,0.4652,0.7532,0.7885,0.3558,0.6643,0.0338,-0.4376,0.7098,0.1623,-0.2233,0.0436,0.1425
3,c134,-0.4028,0.0273,-0.8285,-0.5303,-0.4577,-0.0984,-0.3778,-0.4644,0.4180,0.7446,0.7523,0.3333,0.6220,0.0731,-0.4197,0.6936,0.1632,-0.1337,0.0705,0.1690
